ID,Link
0,https://www.instagram.com/reel/C8sfLySunE9/?igsh=MXU5bTZ6b2dwcGM1dQ==
1,https://www.instagram.com/reel/C8AqzeZS-yq/?igsh=MTVwdTZoMDd5ODhsMw==
2,https://www.instagram.com/reel/C-TzZx_P3j2/?igsh=bzU1ZzczM3ltOTc0
3,https://www.instagram.com/reel/C7sDVNpujSZ/?igsh=MXY0dGZib2lhcnB5bw==
4,https://www.instagram.com/reel/C7hssHmOlec/?igsh=ZmlsNno2ZGo5MWs4
5,https://www.instagram.com/reel/C8J7WmOO1qO/?igsh=MTZzNmYycHNkemphYQ==
6,https://www.instagram.com/reel/C7nB6dgNsZa/?igsh=MWZlbTZwdDQwcXg3MQ==
7,https://www.instagram.com/reel/C8nml0TsN8a/?igsh=MXV6aGdtNzc1aWR1bw==
8,https://www.instagram.com/reel/C7utSOXJawN/?igsh=MWx3b3N4MGEwZnR1Ng==
9,https://www.instagram.com/reel/C7ZsTdUurvE/?igsh=MXFybzhld2x0dWtjNA==
10,https://www.instagram.com/reel/C-Q0vUjukSK/?igsh=MXVnbWtsd3ZuajRudA==
11,https://www.instagram.com/reel/C7w2dV3pi2I/?igsh=cGlvdTVxYWw3Zzlv
12,https://www.instagram.com/reel/C9D6I-otp1J/?igsh=a3Q5YmF0ZHFxOWdm
13,https://www.instagram.com/reel/C8738nkOaqj/?igsh=MWIzaTY1OWtxcnB2Zg==
14,https://www.instagram.com/reel/C7NE0pRpQne/?igsh=MXA2MXI1YW8ydTRkaA==
15,https://www.instagram.com/reel/C8ujp0Qpf52/?igsh=Mm4ybWdzbXRxeXQ4
16,https://www.instagram.com/reel/C7VLTwQvUX0/?igsh=ZzhnaWszemdsbDdi
17,https://www.instagram.com/reel/C9s9Dj-vNr6/?igsh=enQ2M2NyeXpmc2dk
18,https://www.instagram.com/reel/C9zPFORirqt/?igsh=OW5uZmM5NmptOWIw
19,https://www.instagram.com/reel/C7xJWezSe0B/?igsh=dWxhenFrYXlmdDE5
20,https://www.instagram.com/reel/C92m2WHgmdW/?igsh=c2p6eW5zOTV5bmN1
21,https://www.instagram.com/reel/C7Fue6JMBrE/?igsh=MXNhOHBjNmY3ZXIzaA==
22,https://www.instagram.com/reel/C7wvgkqp8qm/?igsh=cG85eThxMml5bmM1
23,https://www.instagram.com/reel/C75FVYrN95U/?igsh=MXhvangxbDk5ZHptcQ==
24,https://www.instagram.com/reel/C7eeeUFO5ru/?igsh=Z2M0bmVyaTNhODA1
25,https://www.instagram.com/reel/C90l79PBasu/?igsh=Z2R1a3RtMjh3YjM5
26,https://www.instagram.com/reel/C7e3Fq8uDaW/?igsh=M2VleDMwMGF1OHVy
27,https://www.instagram.com/reel/C6-AJTIREUx/?igsh=MXJzMTZnaGxjOGs2cg==
28,https://www.instagram.com/reel/C9FWGq7R8CY/?igsh=d2s2ZjhmMDdnNDB3
29,https://www.instagram.com/reel/C8scBHcy68J/?igsh=cWpodHozMzJ3MG81
30,https://www.instagram.com/reel/C-GiqpXPyeH/?igsh=MTQ0bHUxYm95aGMxcA==
31,https://www.instagram.com/reel/C9QxdQeMKpo/?igsh=MWVrczVmdTlhYzR6ag==
32,https://www.instagram.com/reel/C7eoxgwpzI6/?igsh=MWYwbnBpZmJzNW1vMg==
33,https://www.instagram.com/reel/C7mtNdVSjIX/?igsh=YnQ5dnJ6bXByd2t4
34,https://www.instagram.com/reel/C8eRKqbu3P7/?igsh=MXNoeDJiMHVsbTQybg==
35,https://www.instagram.com/reel/C9C5I-gOcF1/?igsh=MXM2bGMwZXpvd2hpcw==
36,https://www.instagram.com/reel/C-gLU_ASXbu/?igsh=MTYwanY1ZGtiN2EybA==
37,https://www.instagram.com/reel/C8eymzbOJaW/?igsh=MXBlaXhuMmNvYWR5cw==
38,https://www.instagram.com/reel/C8dBhdbpZE3/?igsh=dzliMXNleW55Z2Fq
39,https://www.instagram.com/reel/C7aU14GMLgd/?igsh=MXVnMjRmNzZva2Ezbg==
40,https://www.instagram.com/reel/C8M8da1xqCQ/?igsh=a281cDFhN3Uwejlz
41,https://www.instagram.com/reel/C8AUJsrv_x3/?igsh=bTNzbmQxMXZxaXJt
42,https://www.instagram.com/reel/C8VjNy0RWMk/?igsh=NjNoM2Nvc3o1bGlh
43,https://www.instagram.com/reel/C8k_G_DsSb8/?igsh=MXJ5eXQzOGxwbXZzdA==
44,https://www.instagram.com/reel/C9UdztZuw2X/?igsh=MXJld3F2NDB3d20zNw==
45,https://www.instagram.com/reel/C9fYbUtJFuL/?igsh=M2YyOGdwaTNjOXg=
46,https://www.instagram.com/reel/C9S3azqPQqN/?igsh=MWQ0eDY4NDd0OHlrNg==
47,https://www.instagram.com/reel/C28UrlTP4Zm/?igsh=bmt5b3JqaWNrNXpv
48,https://www.instagram.com/reel/C8b6w3VOad4/?igsh=bWx3aDY1MXJ5NDBh
49,https://www.instagram.com/reel/C9DqOQaOJvQ/?igsh=cHVncGhmaXhhaGhy
50,https://www.instagram.com/reel/C-BOo3uvnoN/?igsh=cWhwNDh6ajloa2U0
51,https://www.instagram.com/reel/C7H4j_cvqnn/?igsh=NTBoMnVpcTc5Nzg2
52,https://www.instagram.com/reel/C9XeCDyOzXh/?igsh=YmMwc2U0bndxbmJn
53,https://www.instagram.com/reel/C8ryhWNxhY2/?igsh=MTJ5Y3Fqc25xcXVkNw==
54,https://www.instagram.com/reel/C77iRYnuU5t/?igsh=ZnBqOXRtdzN3dHRw
55,https://www.instagram.com/reel/C-ctk9GRgpL/?igsh=MWd5NWtrMm1mbzNlNg==
56,https://www.instagram.com/reel/C863GzmOOUV/?igsh=MTh6MWtjYnhxdGtxaA==
57,https://www.instagram.com/reel/C-QcOjsxZaQ/?igsh=anlsanBwMWlmcG4x
58,https://www.instagram.com/reel/C-AauO4RJXF/?igsh=MXY2Y2liaG92OWp0ZA==
59,https://www.instagram.com/reel/C9ChMituryq/?igsh=NDNtMGZya3M3Yzlh
60,https://www.instagram.com/reel/C7rH2owuioZ/?igsh=MThkd2hvZGFzdjB5ZA==
61,https://www.instagram.com/reel/C99zpPnxoAw/?igsh=YXRxcm9lOHI3Z2Jn
62,https://www.instagram.com/reel/C9us94nuoAz/?igsh=MTdwbHIwYzBsZzh0eQ==
63,https://www.instagram.com/reel/C-FrJVuR2ap/?igsh=eDM0aDc3MnBkc3lx
64,https://www.instagram.com/reel/C7xYCdetTGt/?igsh=MTE0anVqYXI0aGp0ag==
65,https://www.instagram.com/reel/C9hddl6R8EF/?igsh=dHNtNnRyZHB5cmJ1
66,https://www.instagram.com/reel/C7FyVqDLkM5/?igsh=MWs1cDNoYWZ4bTgwdw==
67,https://www.instagram.com/reel/C91MtngMno7/?igsh=MTBmMGZpanZqdWpndg==
68,https://www.instagram.com/reel/C9Yd9_OPk-j/?igsh=Y3BvcDdlcGd2c3cy
69,https://www.instagram.com/reel/C9TctHgMLWh/?igsh=MW82NzBlaXBjMGFjMQ==
70,https://www.instagram.com/reel/C71X1QUu-s8/?igsh=ZWNuMDVpcGp4MThm
71,https://www.instagram.com/reel/C9u_uHavBoq/?igsh=MXVreW4xMDNmczR4MA==
72,https://www.instagram.com/reel/C7y1FsnOYbO/?igsh=MWwwNGx1ZzRzdjhkcQ==
73,https://www.instagram.com/reel/C9A7v5pv8xm/?igsh=MTJ4NG55YTcxeXo2cw==
74,https://www.instagram.com/reel/C7_--g3t7oN/?igsh=czg5eDdpMjliMTlq
75,https://www.instagram.com/reel/C82sM5PhNas/?igsh=bHR5OGxyZmExNmhu
76,https://www.instagram.com/reel/C-Jm8RHPcZe/?igsh=N3ZhZnRzemV1ZzJx
77,https://www.instagram.com/reel/C94wT_QuTEQ/?igsh=MTRobGhyYXBqYmd5aA==
78,https://www.instagram.com/reel/C82ZT0LxCeH/?igsh=MWg4Mmo0N2ZpaG9qMQ==
79,https://www.instagram.com/reel/C-VOjNDO_Ma/?igsh=cHR2OXl1dzE5ZXR0
80,https://www.instagram.com/reel/C9VCwOiRyfJ/?igsh=cGZoMHRidzQwbGll
81,https://www.instagram.com/reel/C8jS0yKuBL3/?igsh=MTV2aW5ldnJqdXJpdQ==
82,https://www.instagram.com/reel/C-Utt2zuUWP/?igsh=MWw0bWl6NDhheHN0MQ==
83,https://www.instagram.com/reel/C-DLV70OaTT/?igsh=MXE2N3Jnc2ZsanE5dA==
84,https://www.instagram.com/reel/C8iGtnXvEsP/?igsh=dGJsZXp4bmQxcTgx
85,https://www.instagram.com/reel/C9ne75UOFxy/?igsh=NW92ZnFuZGhxdG16
86,https://www.instagram.com/reel/C9NidNtPuQS/?igsh=MXU5MHQxanEzeng3Yw==
87,https://www.instagram.com/reel/C9n5QnXs1Hw/?igsh=ejlpemlxdDl2dnhm
88,https://www.instagram.com/reel/C9XP5WcRX0L/?igsh=MThwbGJuYWJicGJmaQ==
89,https://www.instagram.com/reel/C8r56sbszIi/?igsh=ZXA3Z2d4M25xMWpr
90,https://www.instagram.com/reel/C7XYJCaMDBv/?igsh=MTZraXVyNWVpdTh2Yg==
91,https://www.instagram.com/reel/C9icLcixqBp/?igsh=MWx0bDMxdjN3YzFkZA==
92,https://www.instagram.com/reel/C9PYPffuoVd/?igsh=aDZmYmpheWYya3Q4
93,https://www.instagram.com/reel/C61CoSKuHcO/?igsh=MWdjMm12dGdvMXFucQ==
94,https://www.instagram.com/reel/C8zxBAoOvw5/?igsh=MXFqNXBkaGVkNTk0bg==
95,https://www.instagram.com/reel/C94mmDWRj1u/?igsh=ZzEzcnY0d2RzdTUy
96,https://www.instagram.com/reel/C8407Q_JnhL/?igsh=bXQ4cXQzY2c3Z201
97,https://www.instagram.com/reel/C9rsQzcxA-2/?igsh=djZnYTVlOXV1N20x
98,https://www.instagram.com/reel/C86jSfDOm6Y/?igsh=MW1lejlyNXlrcWZmag==
99,https://www.instagram.com/reel/C90fbKSpxKi/?igsh=MXNndm5mdmVsdGZkZQ==
100,https://www.instagram.com/reel/C7RYruasqcl/?igsh=em1sMTVyMXJlZ3Z1
101,https://www.instagram.com/reel/C9VpKjwvZkb/?igsh=N2NwNGZzcTRld3Vh
102,https://www.instagram.com/reel/C-kYA4ZRcxk/?igsh=ZzU0aGM5cW9wbjJu
103,https://www.instagram.com/reel/C8wkH4kOLvj/?igsh=MTFyaXZ0M2hpNnBxaw==
104,https://www.instagram.com/reel/C7KjZeNvf6n/?igsh=MXh5MjJ6dG1pN201Ng==
105,https://www.instagram.com/reel/C8zI7K7uTIH/?igsh=MWFteHp5b2g3YzNvaw==
106,https://www.instagram.com/reel/C971f92P6LF/?igsh=MXEzajBrNzF0YTRidg==
107,https://www.instagram.com/reel/C5573h5Ogm5/?igsh=emU4MDMyNW1kZWpy
108,https://www.instagram.com/reel/C-JR02WS__I/?igsh=MXNkdjhpYjhscmplMg==
109,https://www.instagram.com/reel/C9N8u5TOawB/?igsh=ejVrOHc4eW9rd3kz
110,https://www.instagram.com/reel/C7rQ8v2OPNx/?igsh=NWxzZndwd2pqcmVq
111,https://www.instagram.com/reel/C8KGPkqOOlq/?igsh=MTR5MTk2anpydWJkcQ==
112,https://www.instagram.com/reel/C-czcy3ukj6/?igsh=MTZ6ajV1amkwY2oyMw==
113,https://www.instagram.com/reel/C9w9QjVx3rw/?igsh=amkzaDFsOXM2MDV0
114,https://www.instagram.com/reel/C-Gwg8yva6I/?igsh=MWZnYTAycHh0Z2I5NQ==
115,https://www.instagram.com/reel/C96IfriNyRW/?igsh=MWFzbnpjZDJnOWQybA==
116,https://www.instagram.com/reel/C69OKm5uaqR/?igsh=em1pemljcTNsaDU4
117,https://www.instagram.com/reel/C-FjzdbxiQu/?igsh=MTF5dXB0OXJkNDBhaA==
118,https://www.instagram.com/reel/C-aAzxpxWtO/?igsh=NDBnY2o2aWdwdTdo
119,https://www.instagram.com/reel/C9QVdr6v8xf/?igsh=NTV1cGQ4eTF6MnFx
120,https://www.instagram.com/reel/C-IOr5FOpYu/?igsh=MWRzZjN3c3k4NjFjaA==
121,https://www.instagram.com/reel/C6gZbhXgJSL/?igsh=NW1jcW16b2xjM2Nm
122,https://www.instagram.com/reel/C-AktdtJ9hs/?igsh=cHhmMDNoMzJ3OGc=
123,https://www.instagram.com/reel/C-Xju1ZOEsT/?igsh=MW53cTFhemw3azAwag==
124,https://www.instagram.com/reel/C9nJ7-_O9bE/?igsh=c3Z6YnRmMWF5ejRp
125,https://www.instagram.com/reel/C9GPDWqvrEM/?igsh=Yzczc3h0MnFxczZr
126,https://www.instagram.com/reel/C9x5ObbpHS6/?igsh=dmw5Zzdnem03NmVo
127,https://www.instagram.com/reel/C-SYoo0R5zw/?igsh=MTIxbjVpcmRvb3ptaw==
128,https://www.instagram.com/reel/C-Lqe8cxY0-/?igsh=MXJvdzRiZnZvYXRxMw==
129,https://www.instagram.com/reel/C7U2ZJ_POXn/?igsh=MWpiMWg5bmVta2Ex
130,https://www.instagram.com/reel/C80APVyOKJt/?igsh=MWdlZGo2czZnbzBpMg==
131,https://www.instagram.com/reel/C8qqd2WOIhX/?igsh=MXR3dXFiMmVyY3pzMg==
132,https://www.instagram.com/reel/C923gOkvEeV/?igsh=MTJoNzNwN3dmZjRlbw==
133,https://www.instagram.com/reel/C8HPr1rukQq/?igsh=cnZjdnV4bTV3M2ti
134,https://www.instagram.com/reel/C9neZj2yFq6/?igsh=MXhsbnF1bDd2Z3BmZw==
135,https://www.instagram.com/reel/C93W3_8ufX8/?igsh=MXR3dGZyenVrb2Z4cQ==
136,https://www.instagram.com/reel/C7t3r6suUqp/?igsh=dXE5bWg2NTB4dHlp
137,https://www.instagram.com/reel/C8xbYoepNvq/?igsh=ZGw3ZHo4MDJsbDY1
138,https://www.instagram.com/reel/C9ewZV7RC67/?igsh=MW1tc2Npa3ZibmN4OA==
139,https://www.instagram.com/reel/C8x9NwJPpeO/?igsh=MW54MnY1cm5jMXU0OQ==
140,https://www.instagram.com/reel/C9erEh2RDKh/?igsh=MW91b29lcDBydHhwZA==
141,https://www.instagram.com/reel/C5rJ-_mP49V/?igsh=MXFzdm43bHgxNTdpZg==
142,https://www.instagram.com/reel/C-Yheu6h4Qt/?igsh=MTl4cHRsOGNjbjJxaQ==
143,https://www.instagram.com/reel/C-G1UBDILwt/?igsh=MXVyamlnNHI4d2Roag==
144,https://www.instagram.com/reel/C-U83YIu8qg/?igsh=MTQzOGZhd3ltbGhjNg==
145,https://www.instagram.com/reel/C8zk0zBsogl/?igsh=eXozaTd3bXVrancw
146,https://www.instagram.com/reel/C76zFLYxezh/?igsh=ODI4MmF6MHFveTFi
147,https://www.instagram.com/reel/C-gheltgyBX/?igsh=MXVwbnVmYmo3ZmE1aQ==
148,https://www.instagram.com/reel/C7VRt0Eo4XX/?igsh=ZjFoaTY1azIweGZu
149,https://www.instagram.com/reel/C7o-xrwuMrL/?igsh=dWlqYW5lcTZqbHds
150,https://www.instagram.com/reel/C7eWMhURmIh/?igsh=MWd6dnhmYThmZW82dg==
151,https://www.instagram.com/reel/C9H343sRJy_/?igsh=MnQ2MWMxZjE1cHlu
152,https://www.instagram.com/reel/C7h1G-BgPLj/?igsh=MTAxYW0zZHRuNWhybQ==
153,https://www.instagram.com/reel/C3YrvYRRsKQ/?igsh=NWluNjU3OWUwZDRt
154,https://www.instagram.com/reel/C9kCRhcxVZa/?igsh=bHBpZnl2b2NzMXZv
155,https://www.instagram.com/reel/C9hzbgTpMVh/?igsh=Z2hlcnNhcnRiejl4
156,https://www.instagram.com/reel/C-XfQLGOgW3/?igsh=M2xtZ21xZTNtc2hx
157,https://www.instagram.com/reel/C8fkaphxaRK/?igsh=ZjMxMW81dnpxd2Jo
158,https://www.instagram.com/reel/C8WX1VONjG9/?igsh=ZWlwMjhtODRxOXB4
159,https://www.instagram.com/reel/C7HIHuvuI2u/?igsh=dzd2Z3ByenVxbDRq
160,https://www.instagram.com/reel/C7K_6xELN7d/?igsh=MXY1eTN3MDJjeG5lMw==
161,https://www.instagram.com/reel/C7ganr9iOvl/?igsh=MWZndzI1OGVlemQwNQ==
162,https://www.instagram.com/reel/C9lIVXZPES2/?igsh=NDJseW81NGx4aW9x
163,https://www.instagram.com/reel/C9yCRR0MYN1/?igsh=a3Q0cnF2aXUwYTIx
164,https://www.instagram.com/reel/C8VaRBRgAYd/?igsh=MTV4ZDQ0cGkzODFndQ==
165,https://www.instagram.com/reel/C9lAQ3AvRyc/?igsh=MWl0N2U1NHV4emw0NA==
166,https://www.instagram.com/reel/C-YszP1vygV/?igsh=MXFrdjlvZzZvb2FmMQ==
167,https://www.instagram.com/reel/C9fGdsWJ3QM/?igsh=cm5rd3R1bjRuYXdo
168,https://www.instagram.com/reel/C8z64tINmZK/?igsh=a2RjbnVwb243dmwz
169,https://www.instagram.com/reel/C-L2_Adx6fW/?igsh=MTQzaDVpazhnNW8zbQ==
170,https://www.instagram.com/reel/C6_dr8WOWu8/?igsh=MWx1ZTBxamh6NDYxbA==
171,https://www.instagram.com/reel/C87wzMNOlim/?igsh=MWk4MmgzeTl1djlveA==
172,https://www.instagram.com/reel/C-U2HuCxmcF/?igsh=b3Q3ZmNibWNlMnkz
173,https://www.instagram.com/reel/C-BT_qjJjDb/?igsh=NHRrZjVpNnAwNms4
174,https://www.instagram.com/reel/C9tFpIQt_jk/?igsh=NjdtcGhvMzVyaW9o
175,https://www.instagram.com/reel/C7Ji88Sra3U/?igsh=c2wxbmI4OW9wbDEw
176,https://www.instagram.com/reel/C79clqCuL21/?igsh=MXRmMTI3Z2tpa2l4Ng==
177,https://www.instagram.com/reel/C-TeL-dy5Fg/?igsh=MTR6MXQyOWkzcGRraA==
178,https://www.instagram.com/reel/C-YhmaWvBA9/?igsh=MWE2bzZ5dGFuNzJuNw==
179,https://www.instagram.com/reel/C-GgA15xsCj/?igsh=MXR4ZHhqNTc1d2xkbw==
180,https://www.instagram.com/reel/C9Qso1RtO-F/?igsh=aXJ2ZTdzM2dmaDdr
181,https://www.instagram.com/reel/C-KmQ3QR2zi/?igsh=NGR2cmtiejhxc2N6
182,https://www.instagram.com/reel/C-P-zQ8Rg2Q/?igsh=enphd3ZmM29jMHd2
183,https://www.instagram.com/reel/C97qMGUO7IH/?igsh=OWVzZW9xYm53cjFt
184,https://www.instagram.com/reel/C9IC_uPM--Q/?igsh=MWk5djNtdzFuOGU5cA==
185,https://www.instagram.com/reel/C2z4Hzau2NI/?igsh=djVoMzI5MDVjaXU1
186,https://www.instagram.com/reel/C8rmRw9O2JT/?igsh=ZGRiZGRvcmRpdndm
187,https://www.instagram.com/reel/C9uTRZsRtxI/?igsh=Y214czNwMDQ1Nnhu
188,https://www.instagram.com/reel/C-WSUdpITF3/?igsh=MWcwZW45azllNzI3ZA==
189,https://www.instagram.com/reel/C-KsyaeOtoY/?igsh=MXUwZ3F6M2tlcXg2dg==
190,https://www.instagram.com/reel/C7nCPd4SBwh/?igsh=MXdqYXNzOGJ0azY1aA=
191,https://www.instagram.com/reel/DHxAwz6tY3B/?igsh=MW8zZGY2YXpjeXc3OQ==
192,https://www.instagram.com/reel/DI1qW67OT4b/?igsh=bzd0MTc0Y2lzaDBn
193,https://www.instagram.com/reel/DHtCgJ7O-KR/?igsh=YWswdnE5cHQ4MGIz
194,https://www.instagram.com/reel/C9PYPffuoVd/?igsh=MTk0bTdubW4xNXJybQ==
195,https://www.instagram.com/reel/C6P01IIttI0/?igsh=YTl4Mms3MXB3c2Vs
196,https://www.instagram.com/reel/C5573h5Ogm5/?igsh=MTg3eDR1ZDE4aWhkOQ==
197,https://www.instagram.com/reel/DFHCaPAt64R/?igsh=MjFzdmt4MmhmbDRl
198,https://www.instagram.com/reel/DHmlzJZOlQn/?igsh=MWNhcnFheGRsZGYwcA==
199,https://www.instagram.com/reel/C7FyVqDLkM5/?igsh=ano0ZWhpMGxxOWlr
200,https://www.instagram.com/reel/Czw6poXrWEv/?igsh=cmQ3Ymg1dWY4aDl2
201,https://www.instagram.com/reel/DIKWyhqPRdD/?igsh=MW9mbmViZDlidHJqdQ==
202,https://www.instagram.com/reel/DHHhFfeJKkk/?igsh=eXl0d3NxOGhmeHNi
203,https://www.instagram.com/reel/CmSdSD8DOWn/?igsh=MW1xejVrYmY3MXRmNQ==
204,https://www.instagram.com/reel/DHKOXyzMpm8/?igsh=MWY1eHo4YTM3cW84dw==
205,https://www.instagram.com/reel/DIhSVH4uEJM/?igsh=MWpza2JsZmJtZ2pibg==
206,https://www.instagram.com/reel/C122H9QgCkw/?igsh=dHp5bzI0YTk3a3Bz
207,https://www.instagram.com/reel/DGopD0-OqrE/?igsh=MXhmdGdlbTcxZWMxcg==
208,https://www.instagram.com/reel/C_Y8n0MyQk2/?igsh=MTJrNWxmcW5pNW55eg==
209,https://www.instagram.com/reel/C22KfCGuHq0/?igsh=MmMwMXp3ZmU4NHRi
210,https://www.instagram.com/reel/DB6UVblR3Zk/?igsh=MThjaXh4cm5pZGprdA==
211,https://www.instagram.com/reel/DB44CefNoDj/?igsh=aXFxc3N2NXBtMmtn
212,https://www.instagram.com/reel/DG040Kxu-An/?igsh=MTRibzRhOHlyYmp0aA==
213,https://www.instagram.com/reel/C9smnmiyRmg/?igsh=dGZvNmIwZXBweGc1
214,https://www.instagram.com/reel/Cy3Dpd4u2mA/?igsh=MWZhcnQzYXJpODJzOA==
215,https://www.instagram.com/reel/DHsw8yeO8NO/?igsh=dTkwcTc1NjFjaWo3
216,https://www.instagram.com/reel/DFxKFhURbku/?igsh=OGoxOWJyZ2gzZWMz
217,https://www.instagram.com/reel/CvgSgassFg0/?igsh=MWhldWw0bHMyOW4xZA==
218,https://www.instagram.com/reel/DGDi3npRQIc/?igsh=MXgzNHRrcTk5eDN1bQ==
220,https://www.instagram.com/reel/DGNuPILRyat/?igsh=MTE0NzNhZTE0a2p4dQ==
221,https://www.instagram.com/reel/C1aWYnIPozR/?igsh=eXYyb2hhM25xeWpu
222,https://www.instagram.com/reel/DGg2RXdy1j-/?igsh=MTZ6cGI5OW41Y3k3YQ==
223,https://www.instagram.com/reel/DFn5FpmJe0H/?igsh=cHRnaHptNmRoN2dv
224,https://www.instagram.com/reel/DJEmOkLNtgY/?igsh=MWhvZ2V2dDN1cWo4eQ==
225,https://www.instagram.com/reel/C-ldne6S5wG/?igsh=MTN0dWJvbDd5ZmJ1eg==
226,https://www.instagram.com/reel/CwQFok_NiFM/?igsh=ZWZ4dHlzeWdzMDQ=
227,https://www.instagram.com/reel/DHr1-TrA9ym/?igsh=MXJuMWx5bGlxeTA4OQ==
228,https://www.instagram.com/reel/DFIT9jRO-Hn/?igsh=MWhncDBtYm5saW5ydA==
229,https://www.instagram.com/reel/C7X3GcFAqY6/?igsh=Z3RobnNlam9mNzl3
230,https://www.instagram.com/reel/DHuSp8ZvDuk/?igsh=MWF4YnppMjh2cTN3cQ==
231,https://www.instagram.com/reel/DI0BPHdxloo/?igsh=eWRhaWV2YTc5bjNx
232,https://www.instagram.com/reel/DH7Z-D3u1-z/?igsh=djU1dnY0ODAwNGRx
233,https://www.instagram.com/reel/DGAyEIlotw1/?igsh=MTJkMnRxOHhrODNteA==
234,https://www.instagram.com/reel/DCAaMEFSyYI/?igsh=MXRkcWRlYWdicjVxaw==
235,https://www.instagram.com/reel/DGG6DsmvlDG/?igsh=Y2RzeG52NzNocnlm
236,https://www.instagram.com/reel/C_WpU89vvKx/?igsh=aXV0b3Rva3R6a282
237,https://www.instagram.com/reel/DH_vmA9PqYi/?igsh=MWt4MGpsejE1dnU0aQ==
238,https://www.instagram.com/reel/DElX0BWxWXP/?igsh=YjJxMTRkOG9sb2o2
239,https://www.instagram.com/reel/DCsM2OSuPRR/?igsh=emdzaTV2ZzV1Z2U5
240,https://www.instagram.com/reel/DG5nyy_uXJf/?igsh=MXRlZjQ5M25vcGZybA==
241,https://www.instagram.com/reel/C4NVcgFO0w4/?igsh=MTZ1Ymp5N3N1MW9zZg==
242,https://www.instagram.com/reel/DGHOuBnR6FR/?igsh=NGRibm84ZzJrMXVh
243,https://www.instagram.com/reel/CyW7QyNOd1B/?igsh=cnIzemdqanpnYjFx
244,https://www.instagram.com/reel/DIjDhhSxNpt/?igsh=MTc4YXJqb2Q3OWU4OA==
245,https://www.instagram.com/reel/C9Do1BKuvKE/?igsh=MWxlNmQ1eHh2MWhqaw==
246,https://www.instagram.com/reel/C-AnnGjugzS/?igsh=MXI1YjhhejlhMTc0dQ==
247,https://www.instagram.com/reel/DCgrhCZRu86/?igsh=MWpoM3dld3R1bHRzbA==
248,https://www.instagram.com/reel/DEsLSfGulnR/?igsh=eXh4OWl0bGRtNmg=
249,https://www.instagram.com/reel/DHlYKsCRyWU/?igsh=YjN5OHcyOHd0bjh0
250,https://www.instagram.com/reel/DACEmxPP1gY/?igsh=YjJxNzdreWJhMncy
251,https://www.instagram.com/reel/C82uoHmOVZQ/?igsh=MTJ1b2R3dmxmOTVtdg==
252,https://www.instagram.com/reel/DJHKmWnNAcb/?igsh=cTRmYmp1N2VmNTQ2
253,https://www.instagram.com/reel/DHPgTQXsm-W/?igsh=MWsxc25oNXEyeGdvaw==
254,https://www.instagram.com/reel/DHqb2zqxldx/?igsh=MWYwbnFveTkzMGF1Nw==
255,https://www.instagram.com/reel/C8fqk31usMn/?igsh=MXRqM2FzYml4d3dydQ==
256,https://www.instagram.com/reel/C_6lMempOlS/?igsh=MWxjZWNvcDNlYTB1ZQ==
257,https://www.instagram.com/reel/DIUs6IQvbmN/?igsh=MWR2OWZ1dnJzMTJmdQ==
258,https://www.instagram.com/reel/DIsQSNIg3_X/?igsh=MnJvejFpbzhlcjQ1
259,https://www.instagram.com/reel/DAWrL2wRNtr/?igsh=bWNxeXY3MGJ1enh2
260,https://www.instagram.com/reel/DDUkM_4x2cp/?igsh=MW41dTJ6Y2VzMDh1YQ==
261,https://www.instagram.com/reel/DCNAyPISWpa/?igsh=MTR0Nm42cHoxZHp0MA==
262,https://www.instagram.com/reel/DBV9s6KgsLN/?igsh=MXVlNWg5c2N2Yzk2ZQ==
263,https://www.instagram.com/reel/C3tXYDKLUOU/?igsh=djd6emhnbzE0czlu
264,https://www.instagram.com/reel/C_G99PGOV-c/?igsh=MXJ2MXJtMXl3bWxubA==
265,https://www.instagram.com/reel/DGRdYuoJaP1/?igsh=Nzg1bmR3Y3Q3bHoy
266,https://www.instagram.com/reel/DFv2C8Ixudp/?igsh=OHdrOWttNjA0b2R5
267,https://www.instagram.com/reel/DIBwqrTxdRz/?igsh=aDQwa3JlcXk5aWFz
268,https://www.instagram.com/reel/DI3vH5GN8nh/?igsh=NDRoNzR1dTM5MjQ4
269,https://www.instagram.com/reel/DF7sR6kxIyU/?igsh=MXI5cGVvbXlvdG1zMQ==
270,https://www.instagram.com/reel/DG-qGpyRxO-/?igsh=dnRpbTRzZWVnMWdr
271,https://www.instagram.com/reel/DHgBYHWuSr6/?igsh=dGo3b25nejBmdWlm
272,https://www.instagram.com/reel/DIoWRTAxHY5/?igsh=ZTNpaDEwNmVzejZ5
273,https://www.instagram.com/reel/DI83zhgtqhw/?igsh=bGtjd2lmZWN5eXMx
274,https://www.instagram.com/reel/DHBO5dmRKlt/?igsh=Mjk1Ynl5MmRoZnRl
275,https://www.instagram.com/reel/DGxtVkKRCpc/?igsh=eHVnM3ptdXoyOWo=
276,https://www.instagram.com/reel/DHdfXEhRWQa/?igsh=MXVueWFob2tmemo3dQ==
277,https://www.instagram.com/reel/DGsbUfpRrJa/?igsh=aHJ2ZndmZm56ejlh
278,https://www.instagram.com/reel/DHOEL1LRMoV/?igsh=MWdjbWhzMHl1cmg3dg==
279,https://www.instagram.com/reel/DJB6SpsNLRo/?igsh=eHR2bWVpZHozNmxn
280,https://www.instagram.com/reel/DIq5AZhRlw0/?igsh=MWlnYXNuZDdqcXg5dA==
281,https://www.instagram.com/reel/DIbXjgORR8n/?igsh=MXhxbHV3ajc2eWNocA==
282,https://www.instagram.com/reel/DCjX6h8xth-/?igsh=MWVxYTJtZGxldnhqMg==
283,https://www.instagram.com/reel/DIgn-GuNEAw/?igsh=MTA4bWRzaGJlendyag==
284,https://www.instagram.com/reel/DIJYqGsR1jB/?igsh=MWJnaXl1d3lkMHdrMQ==
285,https://www.instagram.com/reel/DGiRS9KxaPq/?igsh=MWx5b29xZzA2cnplOA==
286,https://www.instagram.com/reel/DIY4rOAxGHx/?igsh=dnV4amQ1bGlzZG9q
287,https://www.instagram.com/reel/DGNzFNBRiQD/?igsh=dDE2OTg0M2xiNTFm
288,https://www.instagram.com/reel/DH0o2WbR5iB/?igsh=MnQybjE0OTF4cnc3
289,https://www.instagram.com/reel/DG5kD17RFOd/?igsh=MWh1YmNrYjM2ZHZsZA==
290,https://www.instagram.com/reel/DF2pUkDx6wD/?igsh=NWR6ZmZoMmJpbGJw
291,https://www.instagram.com/reel/DH8YullRaAt/?igsh=MWdvam01ZzQwZ2liNw==
