ID,Transcription,tag,Link
0,,TDAH,https://www.instagram.com/reel/C7R-sQeOB81/?igsh=MWZmeDk1bmxqanU4ZQ==
1,,TDAH,https://www.instagram.com/reel/C-kvG_MNpZt/?igsh=NDVyZmNkcHcxbXNn
3,você consegue desfocar a sua visão tipo deixar ela embaçada Pois então eu consigo fazer isso de propósito E eu achava muito que era super comum e todo mundo conseguia fazer isso pois é isso que eu descobri que é uma característica do TDH e Eu Tô chocada basicamente quando eu estou conversando com alguém e a pessoa fala muito eu simplesmente embaço a minha visão de propósito por exemplo a pessoa passa a ter três quatro olhos porque fica tudo embaçado realmente às vezes ela fica com duas cabeças enquanto ela fala eu dou uma cochilada Eu Dou aquela embaçada na visão e meio que dá uma cochilada de olho aberto e aí quando ela fala então o que que você acha eu falo Nossa complicado aí eu volto desembaça e é óbvio que eu fui pesquisar e realmente existe essa relação entre conseguir embaçar à vista e o TDH inclusive não é nem muito indicado diz que pode prejudicar aí a nossa visão ao longo prazo mas cara é tão natural que existe até um campo de estudo chamado neurovisão justamente para estudar essa associação entre a parte neurológica e a visão comenta aqui para mim se você faz isso também não é possível gente que não é super normalzão eu tô chocado porque isso aí para mim a coisa mais assim ah bom dia bom dia já tô lá aqui ó desfocando a visão Tão natural tão comum mas não é né,TDAH,https://www.instagram.com/reel/C-Ra0q4tm6g/?igsh=MTR4YXd3dHZjcWZkaQ==
4,eu sou mãe de dois adolescentes autistas mais um autista tem TDH e o outro não tem TDH e agora você vai entender como o TDH faz uma diferença absurda no comportamento das crianças que são autistas há na área é a minha filha autista de 12 anos que não tem TDH Ela sempre fica muito preocupada em resolver todas as atividades da escola tem muita preocupação com o prazo e ela consegue deixar tudo certo muito antes do prazo nada consegue determinar uma linha e ela consegue executar as atividades automaticamente em uma ordem fazendo uma por vez é claro que ela tem hiper Fox ela é hiper focada em jogos ela é hiper focada em papelarias e ela não pode ver uma garrafa de monster que ela quer trazer para cá tudo para ela tem que estar muito organizado e ela precisa de muita previsibilidade em tudo que ela vai fazer já o Alexandre que é o meu filho autista que tenta IDH não consegue fazer uma coisa de cada vez ele sempre tem que fazer duas três coisas ao mesmo tempo a Super Nintendo porque eu também sou autista com TDAH então automaticamente eu entendo meu filho eu sempre tô fazendo mais de uma coisa ao mesmo tempo Alexandre quando ele vai fazer atividade ele tá com um tablet jogando ele precisa colocar um desenho do Hiper foco dele e aí sim ele consegue fazer as atividades da escola mas ao contrário da Nayara ele nunca faz acontecer ele acaba deixando para fazer sempre em cima da hora por incrível que pareça ele funciona muito bem sobre pressão e Corrigindo o fato de deixar para a última hora a gente precisa lembrar que pessoas que tem TDH elas estão tentando sempre executar as atividades Não é questão procrastinando é que acontece coisas que atrapalha a execução do trabalho diretamente,TDAH,https://www.instagram.com/reel/C8fA7Pgs_O7/?igsh=bGkxZmVlNTR5aW41
7,,TDAH,https://www.instagram.com/reel/C7x3aiaMTQ_/?igsh=YXF5cnZ1aWR3OXRz
11,,TDAH,https://www.instagram.com/reel/C7XWMA7P70s/?igsh=MTFxdWhxaXhpZWN0aQ==
13,como seria estar na mente de alguém com TDAH Este é o penúltimo episódio da nossa série analisando o transtornos mentais pessoas com esse transtorno são absurdamente brilhantes são as que sempre começam novos projetos cursos e trabalhos mas infelizmente quase nunca os terminam são pessoas agitadas que gostam de conversar mas que estão sempre se perdendo em palavras mudando rapidamente de assunto e sem perceber alterando o sentido da conversa isso acontece porque eles têm uma absurda falta de dopamina que é o principal neurotransmissor responsável por nos dar prazer quando uma atividade gratificante é realizada a dopamina funciona como uma espécie de recompensa para o cérebro quando fazemos algo que gostamos nosso cérebro libera dopamina e isso nos faz sentir bem e motivados para continuar imagine jogar um videogame que nunca te dá pontos ou Recompensas não importa o quanto você se esforce você provavelmente perderia o interesse e pararia de jogar para alguém com th muitas tarefas do dia a dia se sentem assim sem recompensa ou motivação suficiente para mantê-los focados isso leva ao esquecimento frequente e a sensação de que o tempo passa sem Progresso é dessa dificuldade em manter o foco que surgiu a expressão Você parece que está no mundo da lua,TDAH,https://www.instagram.com/reel/C9qCOfrPzsG/?igsh=MXhvcDgxdWYyOWM2dw==
14,jornal de São João aqui.com Jornalista João discípulo virgem touro esse novo possível de melhor o peão se não você faz do outro cartão sim mas vou tentar portão sem calcinha na escola pois é mesmo eu posso falar se tu jogar aqui é o nome dele esse amistoso que se tu fode Amanhã você faz de bom na vida real você disse que amor pode fazer chamamento eu não sei permanece,TDAH,https://www.instagram.com/reel/C59EB87tgHO/?igsh=MTdzM2luN3g4dDk1eA==
15,morro de preguiça de falar com as pessoas tem hora meu nome é Clara Alice eu tenho uma mente TDH fisioterapeuta também hoje aconteceu uma história agora à tarde com a minha mãe o carro dela estragou e ela ficou muito estressada demorou muito a energia mental minha Errei o caminho isso me mandou muita energia mental fora que eu penso muitas coisas ao mesmo tempo Como Uma Mente TDH é isso que nós chegamos em casa do caminho para cá a minha cabeça já começou a doer horrores praticamente eu entrei no processo de introspecção chegou em casa ela falou diversas coisas comigo eu não respondi nenhuma dela para poder meu carregador eu peguei o carregador Claro Obrigada por ter ido lá eu é porque eu estou fazendo jura de silêncio Não é porque eu sou insensível Não é porque eu tô querendo deixar ela no vácuo não eu estou com cansaço mental quando eu estou com cansaço mental eu não consigo falar daí eu fico introspectiva festa na minha boca eu não quero falar com ninguém com absolutamente ninguém e não é que a gente é uma pessoa ruim é que a gente tá cansado mentalmente Às vezes as pessoas cobram da gente responde me responde Por que que você não fala nada é porque eu não consigo falar e o fato da pessoa ficar em cima de mim querendo que eu fale então é uma coisa me cansa mais ainda mentalmente porque eu não estou conseguindo falar mas recarregar essa energia mental E aí eu volto ao normal ele volta a conversar normal alguém se identifica,TDAH,https://www.instagram.com/reel/C9DoXALxqFX/?igsh=ZHFub2xjcjV6eTdv
16,Eu queria colocar um tema importante especialmente a todas as mães que apresentam algum filho com déficit de atenção que estão levando eles aos médicos acredite no que eu vou dizer isso também impacta em todos os concurseiros há hoje um número enorme de crianças sendo diagnosticado de forma errônea com déficit de atenção por conta do seu comportamento alimentar o uso excessivo e abusivo até observo de Açúcar esse corantes corante todo o refrigerante tem corante todos os sucos tem corantes todos os produtos recheados bolachas de biscoitos tem corantes todos aqueles cereais matinais que dizem que a melhor coisa que uma criança tem um que tem umas bolinhas espirais coloridos dentro de limão laranja Você tem noção de quanto o corante e açúcar aquilo gera uma excitação cerebral tão grande que a criança perde a concentração ela não consegue ficar parada então muitas pessoas que eu quero dizer que tem muitas crianças que corrigindo a sua alimentação Muito provavelmente não precisariam tá usando essa medicação então estendendo esse raciocínio lógico concurseiros tem muito concurseiro fazendo uso desnecessário porque bastava ajustar o seu sono e a sua alimentação e não vai ser usando essa medicação que você vai consertar o problema porque ela está precisando de descanso ela tá precisando de um sono ninguém trata as prioridades só que mantém o giro do motor cerebral da pessoa extremamente acelerado gerando mais ansiedade gerando mais irritabilidade e muito provavelmente também implicando num sono pior,TDAH,https://www.instagram.com/reel/C-VEY0OOzMX/?igsh=MXM3ODFqdjMyMXJlaA==
17,truques para engordar Conchas Fitness déficit de atenção tinas que atirar na vassoura nunca da corda acho pois fácil,TDAH,https://www.instagram.com/reel/C-a0wKYtm0J/?igsh=aDlpajF2dTFmdWJ4
18,meu marido é TDH e ele nunca lembra onde estão as coisas viu mas não é só isso não ele muda de plano toda hora não existe Porque que a gente come pizza e para ele é tudo OK eu peço para ele comprar um saco de arroz e um de feijão e ele volta com o mercado inteiro na mão amor cheguei ele nunca lembra do nome de ninguém e aí Fábia fora que ele deixa tudo para última hora e sabe o que é pior ou na verdade é melhor sempre dá tudo certo para ele e é isso essa é a minha vida e eu que lute,TDAH,https://www.instagram.com/reel/C8sX4jju_7v/?igsh=MWl2Z3YzZmkyZXNhMw==
20,rainha da equação do TDAH nas ocasiões sociais,TDAH,https://www.instagram.com/reel/C9272q5R0Ui/?igsh=eDVicTVsNDN1N2tr
21,Ok Enrico consiste assim na semana está bonita Ok Google,TDAH,https://www.instagram.com/reel/C7Fk_m4Lze3/?igsh=MTR5eTAwNmgxM3phYw==
24,gente eu tô aqui esperando a Sara já Faz hora ela tá ali na frente só presta atenção Olha que viagem meu Deus do céu até agora ela me viu tá cheio de motoqueiro ali Bora lá se ela vai achar que sou eu uai só faltava essa agora meu Deus do céu,TDAH,https://www.instagram.com/reel/C9aZHcAvMKK/?igsh=bG95anB3aGp5OGZm
25,Obrigada viu Ô Moça você vai pagar não valeu bom essas compras Claro Obrigado moça celular,TDAH,https://www.instagram.com/reel/C-GQEzfPJLH/?igsh=Zm05cnphYW15eDZz
28,Eu estou bem escondido ali mulher,TDAH,https://www.instagram.com/reel/C-JEax8Olol/?igsh=MWpmb2MwaDNuMjFsZA==
30,Vixe Maria vou voltar para casa tchau gente,TDAH,https://www.instagram.com/reel/CgrjT8Yl11h/?igsh=ZHNkb3pvcWhybWZy
35,tipo de carne boa maneira horizontal passou ou não esse aí ele passou passou três demaneira como cronológico,TDAH,https://www.instagram.com/reel/C71pksVuy4e/?igsh=MTdyeHZjem9iYm52YQ==
39,canta com a Maria me arregalou na flor de papel Ah sim eles neural livremente Mira qualquer pessoa não conhece o cérebro o processo de informação de maneira um pouco distinta no tradicional essa energia é uma neurolife aqui então pensou nas contabilidade com autismo com toreta Como disse né esse mundo são mais comum de Luccas e expressão seu carinho é um pouquito extinto deixa se eleger mandou cinco linguagens ele morrer explicam acordou bem quando esse personagem dos rolou um paralelo esse simples cada químico poderia estar sendo órgão diferente do passado,TDAH,https://www.instagram.com/reel/C97fMRoJPzD/?igsh=MXN2eGpxejR0OWJ5NA==
40,,TDAH,https://www.instagram.com/reel/C9h_FaZJg6D/?igsh=MW50bHFkNXloc21tYQ==
41,Oi Com licença Oi como posso ajudar o que você gostaria de lembrar que tal o primeiro número de telefone da sua mãe a música completa de musa do verão do Felipe Dylon a coreografia do CD isso faz bastante tempo na verdade eu só queria Ah quer saber o nome de algum Pokémon né eu tenho aqui tudo listado em ordem alfabética Não eu quero saber o número do Bom Dia e Companhia é assim 40028922 é o funk do Yudi que vai dar Playstation 2 também tem a versão do PlayStation 3 4002 cara calma aí eu quero bastante trabalho para memorizar não isso Você pode deletar Eu nunca precisei Eu Quero um feitiço das Aventura do Jackie Chan um uma bomba feita e tal código de arma do GTA San Andreas no Mortal Combate música da abertura das Winx quando damos nossas mãos nos tornamos Poderosas porque Juntas Somos invencíveis não chega eu só quero lembrar de uma cena que eu criei 2 horas atrás Eita eu não lembro disso aí não,TDAH,https://www.instagram.com/reel/C-K72EhpzLq/?igsh=ZTlzbW55NjB5NjZh
42,,TDAH,https://www.instagram.com/reel/C7pZ5IhOs_x/?igsh=dXBtMzB4azY0MTBy
45,você sabia que cada personagem do desenho ursinho Puff pode representar um transtorno mental Ursinho Puff por exemplo representaria o TDAH caracterizado pela falta de atenção o Leitão simboliza o transtorno de ansiedade generalizada onde qualquer situação normal faz o personagem perder o controle e não conseguir relaxar o tigrão também teria TDH mas com foco na hiperatividade pois não consegue ficar quieto e é impulsivo o Abel tem uma necessidade intensa de organizar todo o tempo inteiro então ele representaria o transtorno obsessivo compulsivo toque o bisonho é conhecido por ser um dos personagens mais tristes dos desenhos e seu transtorno seria a depressão o guru mostra sinais do espectro autista como distração e isolamento e o Christopher Robin o único humano na floresta sugere que todos os personagens podem ser criações da mente dele dessa forma o menino poderia ser diagnosticado com esquizofrenia,TDAH,https://www.instagram.com/reel/C-TkJ0bPwTs/?igsh=czQwNzl6c2N3NDQ3
46,descobri bati igual um doido Antes da prova foram nove situações que eu ganhei individual eu vou falar para você que eu me senti bem em uma tem dia que eu acordei me sentindo resfriado entendeu que eu acordei com a garganta meio raspando o dia que eu tô morrendo de medo tô quase amarelando aí o que que eu vou fazer eu me batia me mandava minha cabeça ficar quieto você toma decisão sentado no sofá igual um caramujo Ah eu quero ir para academia mas você tá lá sentado o que que sua cabeça vai falar É lógico que não você precisa tomar uma decisão dessa dá um pulo do sofá dá um grito e fala pô eu vou para academia eu quero ver seu corpo não deixar assim fisiologia é o veículo número um para você mudar o seu estado emocional e a gente sobrepor as vontades que que a gente tem aí como que tem que ser,TDAH,https://www.instagram.com/reel/C-DmQ86xjWo/?igsh=czE2MHhmZzF5dzI2
47,reboque reboque,TDAH,https://www.instagram.com/reel/C-HLu2XtYSe/?igsh=N3pubWtsZXQ3N2F4
49,,TDAH,https://www.instagram.com/reel/C7PVLiUOUbE/?igsh=MThuMW1sbXJ2NWdmYQ==
50,,TDAH,https://www.instagram.com/reel/Cy6zI8Lr7I-/?igsh=dDNic216MmloYzEw
52,o vídeo do TDH causou muita polêmica muitas pessoas sentiram representadas outras ofendidas Mas como é o assunto delicado Eu me senti na responsabilidade de esclarecer algumas coisas hoje em dia é muito comum achar que tem TDAH mas a grande maioria não tem só estou dormindo e comendo mal e são sedentários o que gera sintomas de TDAH mas não quer dizer que é que é triste porque dada a realidade do país na correria do dia a dia muitos nem tem opção Além disso O uso excessivo de telas mexe com a dopamina faz querer buscar estímulo o tempo todo e destrói a capacidade de focar principalmente em tarefas desafiador o diagnóstico de TDH retrospectivo Ou seja é avaliado o comportamento desde a infância e deve ser feito por um profissional qual infelizmente algumas pessoas estão só se medicando ao invés de perceber suas ações trocar alguns hábitos e escolher a alternativas menos prejudiciais e a mensagem do meu vídeo é não deixa um rótulo definir suas ações use isso para crescer foco é algo treinado Existem várias ferramentas para isso praticar movimentos complexos e contribuir criativamente é o que me tira desse estado de consumo ansiedade e organiza minha mente seja natural,TDAH,https://www.instagram.com/reel/C9ZwWE0x_Yq/?igsh=ZDF6eWxhanBoZGg5
54,nunca vai celebrar a sério que ela encontrava aquelas coisas que não lhe interessa perdida do que quer dizer uma coisa se encontrar dentro do caso que ele nunca realmente de motivação centralização Super Poder então todos esses tempos teve a arte como parte externa dentro da história ele teve aquele negócio,TDAH,https://www.instagram.com/reel/C3bUN-JMg2i/?igsh=NDV4OHo3Z2Z0ZG93
56,cara foi uma uma libertação o diagnóstico porque quando você entende que existem padrões que você segue os ciclos viciosos que você se enfia e não é porque você quer justamente porque o seu cérebro funciona de um jeito X então você tem que cuidar dele de um jeito x não adianta você tratar sei lá vai que você tem um TDAH não tratado você vai começar a tratar depressão ansiedade para chegar no TDAH tudo bem isso quando você é diagnóstica mas se você não diagnostica eu já tive diagnóstico de bipolaridade transtorno de humor depressão ansiedade e aí quando eu comecei a tratar o TDAH tudo isso começou a melhorar um pouco sabe,TDAH,https://www.instagram.com/reel/C7FZTNYunQF/?igsh=MWN2NjB3N2tja2EybA==
57,comum na Câmara quero saber o que tinha que ver o na Câmara continente terá Taylor explique as características por ter um síndrome de impostor que acha que queremos que nós sabemos nada nem aprendemos nada feito quantas vezes no dia passado que até me explicam na concha em inglês não sabes que é testar centelhando mas não menos parece que no erro comer na sua também nas costas assim encontrar limpa dentro de nós três cabeças não é que não nos entendemos tem nada a seguir nos sentiremos pelo lado materno amor ele levou gosto muito de encontrar aquilo porque tem criança que quando nós fizemos o último momento aqui ó por isso que todos que não tem medo então vocês estão aí subir a igreja não explica Deus é muito mais tempo sabe como essa cara esses Cronos tua cabeça Entra lá sem melhora,TDAH,https://www.instagram.com/reel/C8PDvTMs2lt/?igsh=aGI2aHd2azEycjhm
60,quem é o clima Solitário roleta e tava ali para fora,TDAH,https://www.instagram.com/reel/CueWeGFt19V/?igsh=MXc2cG1mOXVzc3pxYw==
61,Fica frio aí novato aqui assim todo dia eu tô procurando a alegria ela tá por aqui é uma alegria entrou em depressão faz um tempão que a gente toma ela por aqui tá Vou ver agora Depois que terminei Da Verdinha ela até aparece ai você é não eu só tristeza eu meio que tomou conta no lugar aqui nossa que legal as emoções estão todas misturadas ali escuta ninguém aqui mal é doidona que é outra e você aqui dançando gente que estava do lado aqui não tô de folga amor folga a gente tem uma lista enorme de coisa para fazer a gente é mais do free lance entendeu não gosta muito de seguir rotina não quem é que tá no controle aqui agora a gente reveza tá tem um pouquinho eu depois vai ah e vai segurando depois eu de novo agora agorinha Talvez esteja Progresso Nacional Ah não desculpa é que tá acontecendo muita coisa gente eu não tô conseguindo prestar atenção em nada amor impossível você quer tomar alguma coisa é só para dar aquela animada amor eu sou a Rita agora as coisas vão começar a mudar por aqui no meu turno não tem festa o tempo todo mundo qual sentado fazendo seus deveres Gente alguém que lembra o botão que aperta para chorar,TDAH,https://www.instagram.com/reel/C9m-RkeR5OF/?igsh=MTlrNGxnaGRyM2R0eQ==
62,a verdade sobre TDH que apenas 10% das pessoas se entregar então a maioria das pessoas que acha que tem th na verdade está dormindo mal comendo mal sedentários ou com a dopamina desregulada por celular ou Prazeres imediatos sem esforço tudo isso gera sintomas de TDH mas não é suficiente para fechar o diagnóstico de TDH para fechar um diagnóstico de TDH seu comportamento precisa ser avaliado retrospectivamente ou seja desde a infância hiperatividade impulsividade distração como diagnóstico é Clínico ou seja não tem nenhum exame de imagem que comprove que você tem TDH acaba sendo muito subjetivo e na maioria das vezes não compensa se prender muito a isso muitas pessoas se prendem a identidade de TDH e ignoram várias medidas básicas mas que ninguém quer fazer como regular sono alimentação e tempo de tela que melhoram muito foco de estação e sobre os medicamentos para TDAH eles têm suas indicações pontuais em período difíceis mas eles sozinhos não resolvem a causa básica não se esqueça que foco é algo treinar existe mas você é muito mais que um diagnóstico mais foco menos ansiedade,TDAH,https://www.instagram.com/reel/C97Ii9kxwSf/?igsh=MXVzcGUyYmxlbWNjcg==
64,ptd e tentar falar durante o sexo é uma tarefa muito difícil uma vez eu pedi para uma menina gozar na minha buceta e foi horroroso pai dela até saiu do quarto falando tu tem,TDAH,https://www.instagram.com/reel/CrMg059PttQ/?igsh=Zmg2aHQ2dmM4eGUw
65,põe essa música não tem essa que a casa então elas personagens comer e apenas três treinadores para escorrer nos três Sonic Executor Alexandre Pinto Pereira Partenon Gonçalo completamente diferentes ele primeiro esse de madeira e o bastante preciso para Alemanha esse segundo esse alargado e libiano e ele terceiros personagens que tem na internet,TDAH,https://www.instagram.com/reel/C7NcpdMAEzu/?igsh=dzFiaXBoY3Mwd2J5
66,eu fiquei sabendo de um sintoma essa semana que quem tem TDH pode até comentar no chat aí e eu não sabia né muita gente não sabe inclusive você né não tinha não sabia disso é a questão do auto foco nos olhos a gente tem um super poder gente que é assim eu consigo embaçar o meu olho e focar foco desfoca a hora que eu quiser eu achava que isso era uma coisa normal todo mundo fazia aí depois eu comecei a perguntar as pessoas que estão ao meu redor não consigo fazer isso não é ai será que é mesmo aí depois eu comecei a perguntar quem tem TDH e Geralmente quem tem consegue fazer quem não tem não faz é um teste para vocês aí pra ver talvez talvez tenha você consegue focar e desfocar a hora que você quiser talvez você estivesse aí você vai procurar três você vai fazer diagnóstico aí mas é uma coisa que eu não sabia,TDAH,https://www.instagram.com/reel/C9-qE0UpeH6/?igsh=N2JiNXV3azRsOG1v
67,certo tá vendo essa tampa ei caralho,TDAH,https://www.instagram.com/reel/C-DGqEXAIDG/?igsh=MThuZHByeHFnZTZj
68,vai eu vou eu vou ali aí você tira uma foto bem natural minha tá eu vou fazer assim ó andando tá aí você tira vai eu vou andando assim bem natural aí você tira tá natural deixa natural,TDAH,https://www.instagram.com/reel/C-BUTvuAkLk/?igsh=MWRsOGd2Y256ODU1cA==
71,mais fraco do meu TDH fui lá pegar um bolo falei caralho o que que é um bolo sem café aí tá o café né só que um minuto atrás eu tinha ido na cozinha e tinha esquecido o bolo por quê Porque eu tinha pego o café aí agora tem um café ali outro ali meu bolo como é que faz e quem saiba mais e faço teste rápido e descubra se você precisa do desafio TDH,TDAH,https://www.instagram.com/reel/C7RR7O2PQMB/?igsh=MW1wMjdtYTR6c2Mzeg==
73,Amiga esse não é o meu carro,TDAH,https://www.instagram.com/reel/C9il7i-PnJA/?igsh=MWY2YmQ3MjZyeHd3aw==
78,falar com você e a gente chegou tá não era isso não era a cena do seu lado por favor você não vem por isso mas tá Tá mas eu vou falar ela tava reclamando que tá com fome desde que chegou você vai falar é porque eu tô com infecção urinária peguei não eu não queria me responder nesse nível mas só para entender eu tô saindo direto porque eu tô com infecção é uma comida menina linda de novo,TDAH,https://www.instagram.com/reel/C9VKF07pwkg/?igsh=ZzQzZXh1MW50OG1t
81,presta atenção aqui ó ah de Formiga não calma aí não adianta passar por b b de urso isso aqui não tá não tá certo não se gato,TDAH,https://www.instagram.com/reel/C9xZlIwv8zT/?igsh=MXB5anIzcWFoZmFqMg==
82,a gente possa filmar Nossa eu saí do carro para filmar que graça gente como que ela chama foto deixa eu ver uma fralda a Mafalda Mafalda E aí ele passeia junto ai que coisa fofa Gente olha o outro chegando olha valeu a pena eu pulei do carro eu não tô acreditando gente que coisa fofa Olha esse beijão ele está namorando então o namorado dela Oi tudo bom oi tudo bem,TDAH,https://www.instagram.com/reel/C841LY7pwhs/?igsh=cmwwMGJtdndib3Jr
83,presta atenção aqui ó ah de Formiga não calma aí não adianta passar por dentro Bê de urso isso aqui não tá não tá certo não se gato,TDAH,https://www.instagram.com/reel/C9Vuj25BUae/?igsh=cHloNzNhc2tuNndp
84,,TDAH,https://www.instagram.com/reel/C9Z7QMuuAXW/?igsh=NnoyMWg5OTB4djZs
87,um TDH pode se lembrar de algo específico que aconteceu com ele na infância mas pode não se lembrar de coisas simples do dia a dia Como por exemplo o que que eu vim pegar na geladeira mesmo um pdh adora ambientes limpos gosta de ambientes bem organizados mas tem muita dificuldade em manter o ambiente organizado em TDH pode gostar de ter pessoas por perto e está Sempre acompanhado mas pode se enjoar com muita facilidade das pessoas viu TDH pode ser muito proativo para as pessoas seja lavando uma louça ajudando ou resolvendo os problemas dessas pessoas mas quando se trata da gente podemos não fazer isso na mesma intensidade Ah e se você se identificou com esse vídeo que é lidar melhor com os sintomas do TDH comente contradição que eu te vi o link do manual de liberdade no seu Direct,TDAH,https://www.instagram.com/reel/C-Ts4chv87T/?igsh=cTg1OHFkdHZzMjhx
88,,TDAH,https://www.instagram.com/reel/C4MKsN8MNmy/?igsh=MTl0MW40enM1M3U1MA==
89,às vezes no silêncio da noite ai ai oportunidade aí cara vamos embora vamos nessa é é o covarde né eu combate com você mulher,TDAH,https://www.instagram.com/reel/C-IXZEqRoUg/?igsh=MTcza21yYmtzYzF6cg==
92,ai porque tudo hoje é TDH aí por que que você não entendeu nada virou moda que bom né gente que coisa maravilhosa assim as pessoas aprendem mais rápido Qual que é a nossa forma de funcionar e enche menos o nosso saco como por exemplo em relação à saúde sabe o que que isso significa menos cobranças e mais espaço na nossa vida,TDAH,https://www.instagram.com/reel/C9IwLg9xCGU/?igsh=ZnoyeHBlc2FhNWJk
94,the hiperfoco nas coisas que amo mas luto para manter o foco em tarefas de monótonas às vezes surge uma baita energia do nada e consigo fazer tudo mas em outros momentos me sinto Exausta e incapaz de fazer qualquer coisa minha criatividade é imensa sempre tem muitas boas ideias mas a desorganização torna difícil concretizar essas ideias fico desorientada e sobrecarregada com a bagunça mas Tenho dificuldades em manter a minha casa limpa e organizada vivo chegar na atrasado nos compromissos mas não gosto de ter que ficar esperando os outros só gentil empática e solidária com os outros mas Vivo me criticando e julgando,TDAH,https://www.instagram.com/reel/C9-56Mkvi7B/?igsh=NDFyOTdpY29vajBr
96,como ser amigo de uma pessoa considerada em menos de um minuto para isso você precisa entender que de tempos em tempos o TDH Pode parecer que está te ignorando e simplesmente sumir do mapa e não é porque o TDAH não se importa mas sim por que eles convivem com algo chamado permanência do objeto O que significa que se você não estiver por perto Durante algum tempo outra DH pode simplesmente esquecer que você existe mas apenas até que algo faça lembrar novamente um desperte o TDH ainda vai querer você na vida dele do mesmo jeitinho e nesses momentos você pode ter certeza que ele só vai para focado em alguma coisa qualquer perseguindo a dopamina por aí mas você nem vai precisar se preocupar porque o TDH sempre bom e quando volta vai ser sempre como o seu tempo não tivesse passado,TDAH,https://www.instagram.com/reel/C-bW7NDvn_C/?igsh=MWEybWliYmVpMWQ5dw==
97,como detectar Ltda Se ele morrer somente 5 segundos partes para pensar demasiado todo muito mas ele o que você disse que se era porque sabe que não puderam evitar Yes a rotação mais diagnosticadas quando um transtornos democrático também tem que ser assim para você pois a tirar uma pequena mensagem física e quando trata-se de priorizar as tarefas eu não tenho poder eu estou querendo nessa situação literalmente a construção,TDAH,https://www.instagram.com/reel/C8Ca_DrOrUF/?igsh=MTZwcmh3N2hzMWd3MQ==
99,eu sou autista e eu não sei lidar com frustrações no meu trabalho eu sempre sento no mesmo lugar e quando alguém senta nele eu não consigo trabalhar direito e que o resto do dia agoniado e acaba entrando em crise eu crio o roteiros na cabeça para falar com as pessoas e quando não sai como planejado é péssimo eu vou falar boa tarde padeiro eu gostaria de um pão Boa tarde para dizer eu gostaria de um pão aí ele vai responder Claro para já aí eu vou dizer obrigado OK boa tarde bom eu gostaria de um padeiro Ok obrigado quando eu planejo algo no meu dia e acaba acontecendo um imprevisto eu preciso mudar uma coisinha pequena que seja Pronto meu dia acabou isso acontece porque autista tem rigidez cognitiva que é um padrão de pensamento e comportamento que é fixo inflexível e isso resulta em apego a rotina dificuldade com mudanças e ideias é como ter um mapa mental que só mostra um caminho e seguir qualquer outro é muito mais complicado e difícil,TDAH,https://www.instagram.com/reel/C82Wnc0uPPk/?igsh=enI0bGJ2czYzcWM=
102,É verdade que pdh pessoas que têm TDH não tem saudade pelo que os meus pacientes me falam e tudo mais é como tipo não é que não sente saudade mas é como se fosse um pouco mais desapegado porque parece que a coisa é um pouco mais tranquila assim tem um apego diminuído né as pessoas eu tô vendo meu filho quando você fala que ele é bem assim só que não significa que não gosta tá não é uma pessoa fria pelo contrário entendeu a gata tem super empatia eles gostam das pessoas eles são geralmente pessoas generosas se ele vai ficar dois meses lá dois anos sem ver um amigo não vai lembrar mas aí na hora que vê também parece que não passou o tempo nenhum então tem como se fosse um desapego é eles tendem a ficar menos apegados as pessoas e as coisas do que nós,TDAH,https://www.instagram.com/reel/C-QSnJmpr5v/?igsh=MTVqY21vdnN1dGpieA==
103,negócio de não sei o quê não sei o quê não sei o quê não sei o quê não sei o quê não sei o quê não sei o quê não sei o quê e tal,TDAH,https://www.instagram.com/reel/C7OszgLgbTn/?igsh=NGk3aGU3Z2Uya3Zh
104,toda semana eu tenho o dia que eu hiberno tipo assim para umas 12 horas seguidas e não é porque eu sou improdutiva não é porque eu tô com falta de vitamina Não é nada disso é porque eu tenho a mente TDH Oi meu nome é Clara Elise eu tenho uma mente TDH só terá quatro TDAH também eu tô aqui para desmistificar algumas coisas porque hoje a gente vê uma produtividade uma improdutividade tóxica na internet eu já tô cansada disso eu amo hibernar minhas 12 horas já aconteceu por exemplo de eu dormir num sábado domingo Sábado passei o domingo inteiro dormindo também Dorme acorda dorme acorda e foi acordar na segunda tava doente não eu tava dormindo eu tenho uma questão na minha mente que o que para você é uma semana para mim é um dia então as pessoas falam assim ai mas se você tá fazendo isso você tá introdutivo porque essas histórias do tempo que você perdeu é dinheiro que ido minha mente ela pensa um milhão de coisa ao mesmo tempo você demora uma empresa para você construir eu já tenho 20 criado na minha cabeça então às vezes eu preciso deitar e dormir 12 horas seguidas para cá para recarregar minha energia e voltar como uma nova mulher E tá tudo bem Não é porque o meu jeito de produzir é diferente do seu que eu sou doente porque eu sonho produtiva que eu sou preguiçosa eu procuro isso só que de uma forma diferente de você é status de quantas horas você dá um pouco disso quando pagava tanto eu me culpava tanto quando eu dormia muito falava pouco era só uma preguiçosa E aí não é com essa preguiçosa é que funciona de uma forma diferente de você e você acha que pessoas na fabricação de bonequinhos né Todo mundo tem um jeito cheio de funcionar,TDAH,https://www.instagram.com/reel/C8xplYTRWFi/?igsh=MXBmZTl3a21hYzUyYQ==
105,Você é a mãe dele pelo que eu fiquei sabendo como é que você chama Solange Solange eu tava lendo aqui errado a palavra existência por favor publica essa,TDAH,https://www.instagram.com/reel/C8Pzxuav5rm/?igsh=Nmt5ZjdscmN6dzdz
106,sensibilidade no cadastro único,TDAH,https://www.instagram.com/reel/C8R_GRhI247/?igsh=bjJ5a2VsMm5jMzF3
110,5 Manias que tenemos das personas neurodyn Hands número Uno no substancial com temas muito específicos e vamos muito intensos quando testamos contando sobreiros número dos repetimos frases e palavras e esse assunto número 3 somos de Marcial desordenados simetria número 4 nos encanta colecionar coisas ou tenemos para estar acumulando coisas também e até por gusto ou por segurança e número 5 que ameaça é muito interessante nos ao colecionador nos lastimamos muito e levemente arrancado,TDAH,https://www.instagram.com/reel/C8VgLihScuX/?igsh=Ymx2MXMyd3Jubjhx
111,o que que é o TDAH o que que configura uma pessoa com isso o transtorno neurobiológico de origem predominantemente genética na grande maioria dos casos nasce com a pessoa e é um transtorno que ele basicamente faz com que você tenha uma grande dificuldade em manter-se focado atividades que não sejam interessantes também tá ligado à questão do impulsividade a questão de você ter um menor filtro com relação ao que você fala suas atitudes na hora que você fala na hora que você ajeitar a boa parte das vezes relacionado a interatividade também a gente fala assim não que a criança hiperativa em pessoas hiperativas não necessariamente tem TDH o traço principal do TDAH desatenção a hiperatividade ela pode estar presente ou não está presente um pouco mais a maioria dos casos mas existem casos de pessoas que teria H que não tem hiperatividade por exemplo,TDAH,https://www.instagram.com/reel/ChvStxvJXQd/?igsh=MWNxZzdiZnp2OWg1
112,vantagens de um TDH Meu nome é Jonathan sou psicólogo especializado em neurociências assim como eu se você tiver TDH eu vou te falar que talvez você tenha atribuições que são muito legais a primeira questão é importante se dá pela criatividade e raciocínio rápido acredite se quiser pessoas com telhado tem essa originalidade elas conseguem fazer links em situações isso é tão positivo que ela Possivelmente pode ter ideias muito boas empreendedorismo da parte artística até mesmo gente paz em soluções de problemas a outra atribuição Muito importante se dá através do hiperfoco atividades prazerosas elas são extremamente que é compensadores então se o TDH ela está exercendo algo que ela sente prazer é eventualmente ela vai executar essa atividade com mais teria terceiro ponto gente é entusiasmo e energia PH geralmente ele tem um estado de energia Acima da Média quando reforçado da forma correta pessoas com TDH gente eles caem no teste de uma forma muito rápida então sempre está se puxando a vivenciar experiências novas são muito importantes até reforçadoras até para você começar a ressignificar algumas partes da nossa vida como agora estou andando aqui no meio de uma praia já tomaram tanto no cu que a gente meio que já aprendeu com as nossas próprias frações Então pessoal se você gostou desse vídeo deixa aqui nos comentários aqui embaixo e vamos fazer essa comunidade crescer,TDAH,https://www.instagram.com/reel/Cu7fdTUNp9M/?igsh=MW80YTZ0dGl0ZnV6Yw==
113,Você tá indo para igreja então eu vou sair preta para ela eu tô indo na praia a casa tá cheia tá,TDAH,https://www.instagram.com/reel/C8CjIcFOsOG/?igsh=M2xibWJtaW95bzBo
114,quer pedir alguma coisa para comer sim nossa tô com muita saudade da gente pedir hambúrguer de pizza nossa pizza é muito melhor tudo bem para você ok tenho certeza a gente pode pedir outra coisa também se quiser escolhe aí vocês tá tranquilo tá tudo bem Eu tô bem só um pedaço amigo viu Pode ficar tranquilo tá suave amigo Tenho certeza eu tô bem eu falei eu tô bem eu falei que eu tô bem amigo por que que ele tá assim você acha que ele tá bravo com a gente nem fez nada Eu também Nossa amigo você tá bravo com a gente eu falei para você que eu tô bem mano eu tô bem,TDAH,https://www.instagram.com/reel/C-BKEYBvjJr/?igsh=NTU0YnAwZWt6YjVx
116,PlayStation 2 para saber se tem as definidas por Um Não se lembra se aparecer um doce do capacidade relativamente horária se apresenta pontos por mais de 5 segundos até necessário porque no grupo operacionais que tem uma capacidade de concentração next extremamente boina e isso é uma resistência parecer Bueno,TDAH,https://www.instagram.com/reel/Cd4K2gQAINQ/?igsh=ejJpaDkzeXk5cjg4
117,polícia agora nego se joga logo na pista eu te deixo rico que que é tô ocupado o senhor é o principal suspeito de um sequestro eu te ligo depois o senhor pegou uma criança na delegacia de Need witcher o meu filho alto o senhor não era seu filho oi Celina pode tirar seu capuz por favor que é isso eu juro que eu não fazia ideia você tá bem mais doce pode pedir para sua mãe vamos embora eu quero ficar aqui a minha mãe não deixa eu comer doces,TDAH,https://www.instagram.com/reel/C-X2vudRov_/?igsh=dW93bG9ieXprajY=
118,qual foi a última chance dele junto mas parei para assistir uma luta Ok Google,TDAH,https://www.instagram.com/reel/C8hFpEiIT9J/?igsh=dXhxZGN0aThtNThy
120,um relacionamento border com outro sendo TDH deve ser um bom desafio mesmo é um grande desafio tem que ter muito amor o TDH ele tem essa coisa desativa essa coisa que pode parecer desatenção com o outro e o borderline ele precisa dar atenção super atenção do outro muitas vezes vai haver uma cobrança do Border em relação ao TDAH você não me ama você não leva em consideração as coisas que eu falo você esqueceu a data para todo mundo dar atenção para mim o borderline acha que o TDH tem que ficar o tempo todo prestando atenção nele então quando ele fala assim você sabe do que eu tô falando TDH não sabe agora são duas personalidades que eu te digo podem ter coisas afins porque o TDAH ele tem essa necessidade de ser acarinhado o borderline quando gosta ele tem essa coisa de se dedicar a pessoa que ele gosta ele mostra o seu amor vão ter momentos maravilhosos e momentos de tempestade,TDAH,https://www.instagram.com/reel/ClRumreAn3y/?igsh=MW02czBtdjBqanpnYQ==
121,e aí será que existe carro para quem tem TDH aqui a Ford Ranger te ajuda ó se você colocar o câmbio em D ou em ré esquecer que fez isso e abri a porta ao câmbio ele vai para pé sozinho tem aqui não tem risco de você engatar a marcha e descer o carro porque simplesmente esqueceu,TDAH,https://www.instagram.com/reel/C9NBAkyq_OD/?igsh=MTFyOHM5anBuOGFtaA==
123,,TDAH,https://www.instagram.com/reel/C9XUC-lgHs2/?igsh=dG43YTAyeHFzYjln
124,My name is love and I Stay It's never How do me dar hotmail.com,TDAH,https://www.instagram.com/reel/C-nVzzRur5p/?igsh=cXUzNTVibzBsa241
125,a paralisia do TDH Pode parecer procrastinação mas não é esse estudo mostrou que a paralisia do TDH não é como deixar algo para depois mas na verdade não conseguir agir Existem três tipos de paralisia no TDAH primeiro a paralisia Mental é comum pane no cérebro uma sobrecarga de pensamentos e emoções e informações segundo a paralisia de escolha costuma acontecer na hora de tomar decisões o excesso de opções gera uma série de análise que dificulta até as escolhas mais simples terceiro a paralisia de tarefas Acontece ao se sentir excitante com medo ou desmotivado com uma tarefa gerando um estado de ansiedade e dificultando que você inicia essa tarefa mesmo que ela seja extremamente importante ou até mesmo gente você já sentiu alguma dessas paralisias me conta aqui nos comentários,TDAH,https://www.instagram.com/reel/Cz_ICkVggeK/?igsh=MWJsY3plN2tyOXkwMA==
126,DH também tem direitos será que as pessoas com TDH tem direitos que elas desconhecem Você conhece alguém com TDH você tem TDH Será que existe isso primeiro eu vou trazer uma informação aqui para vocês tá eu sempre falo aqui sobre os direitos dos autistas estima-se que até 80% dos autistas também tem TDH então se você conhece algum autista é mãe de autista é muito alta probabilidade dele ter TDH mas com relação aos direitos existem ou não existem quais são os direitos que talvez se as pessoas também não saibam e é um direito proted H relacionada à prova tô falando da prova do Enem pessoas com TDH podem solicitar uma hora a mais de prova e vamos fazer Inclusive a prova numa sala separada exclusiva para pessoas com TDH existem outras leis para TDH principalmente voltada para o ensino uma lei recente 2021 não vai dar tempo de falar aqui mas eu falo em outro vídeo,TDAH,https://www.instagram.com/reel/Cu195V_sjpu/?igsh=MWw2bGx0MTZyczgwZw==
128,eu sou mãe de dois adolescentes atípicos e hoje eu quero mostrar para vocês como é a interação dos dois quando a gente vai ao mercado e não é um fato muito comum também porque a gente não gosta muito de mercado Se bem que um desses dois aí ama mercado no final do vídeo eu conto Qual é E já aproveito para trazer uma informação muito importante nas famílias atípicas a interação acontece de forma interna Sabe aquela conversa que os pais reclamam que os seus adolescentes quando estão com os colegas são super felizes mas quando os pais chegam fica com a cara fechada Pois é dessa conversa a gente não participa hoje o Alexandre tava muito feliz aconteceu alguma coisa que deixou ele super alegre e ele não tem muito esse controle de felicidade então ele sempre eles travado Lembrando que ele tem TDH hiperativo e impulsivo Alexandre assim não de jeito nenhum É tem que corrigir então vocês sabem aonde Isso dá né na área é muito sensível e o Alexandre muito intensa como eu dizia ele tem entre BH filho e a Nara é a pessoinha que ama o mercado mas ela se sobrecarrega demais tchau Alexandre que não gosta de mercado ajuda sobrecarregar a irmã e ainda tá com energia,TDAH,https://www.instagram.com/reel/C85hjOav4AQ/?igsh=MWpncjV5eDk5cGs0ZQ==
131,coisas que você talvez não saiba que podem estar relacionadas ao TDAH estudo de processamento auditivo DPA o DPA ocorre quando o cérebro não processa sons e linguagem da forma esperada e suas qualidades enfrentam desafios tais como dificuldade infiltrar ruídos de fundo compreensão limitada da TV sem legendas dificuldades em reter informações transmitidas oralmente Desafio em entender pessoas com diferentes sotaques dificuldade em seguir as instruções faladas especialmente aquelas com várias etapas aqueles com DPA frequentemente dizem o quê ou em consequência o que pode dar a impressão e desobediência ou seletividade auditiva eles podem confundir o que as pessoas dizem especialmente palavras que são semelhantes e se sentirem sobrecarregados em ambientes corroídos complexos ou elevados Pesquisas mostram uma alta frequência de coexistência entre o TDAH e o TPA e suas considera h não estão sozinhos nessa experiência e Muitas delas vivem com o DPA sem saber que ele tem,TDAH,https://www.instagram.com/reel/CydmYTsulLs/?igsh=anV2ZGRkZzFjcDRi
132,Bom dia comunicante acontece por arrancar com garrafas se quer enlouquecer carnaval e quando arranca a Terra quando daria um projeto social deveria agora trabalhando em,TDAH,https://www.instagram.com/reel/C-DFDpzOxRW/?igsh=MWdjMjY4ZjF6cWhkNg==
133,é tipo aquela coisa assim se eu não tô vendo se eu não tô lembrando eu não tenho saudade porque eu luto para mim não é uma coisa tão pesada assim como é para as outras pessoas isso eu percebo muito quando Algum parente meu morre eu fico mal fico muito mal ali no primeiro dia no segundo do terceiro ano passou já não lembro mais não é questão sensível ou que não é meu eu amo muito só que só que eu esqueço muito rápido para mim não é possível se eu tivesse mas sim como assim ela só tivesse lá na casa dela ou morasse em outra cidade e por isso que eu não vejo mais é como se fosse isso também não tenho essa não sinto saudade de pessoas não mando mensagem para ninguém a não ser a pessoa vier falar comigo alguém assim amigo ou então familiar vem me manda mensagem eu vou responder numa boa porque você é como se eu sentir saudade da pessoa mas não lembro se sentir saudade Tipo isso não é só para pessoa mas também para objetos então eu compro um objeto eu compro alguma coisa mas você não compra produto para testar deixo aqui eu tenho uma sacola de produto que eu comprei faz um ano e eu não testei porque você tá aqui guardado Eu Não Lembro deles então se eu comprar um produto e guarda em algum lugar e não lembro mais eu só vou lembrar dele quando eu achar ele de novo então quando eu ver esse produto novamente eu vou falar nossa olha esse produto que eu esqueci de gravar vídeo e a mesma coisa acontece com pessoas não é porque eu não gosto das pessoas mas simplesmente eu não lembro se elas não se fazem presente não me manda mensagem alguma coisa assim eu não lembro que elas existem eu nunca esqueça dela dessa forma mas eu não sinto saudade da mesma forma que outras pessoas e isso pode passar comigo muitas vezes principalmente com um amigo eu não tenho amigo mas assim amiga minha esposa entrar em contato com as coisas sabe mandar mensagem não vejo isso como um problema mas é uma forma entendeu,TDAH,https://www.instagram.com/reel/C-BjNCcPrN3/?igsh=cWRoZnBqc256NXE1
134,ele é um médico aí se minha vida o que medir roupa,TDAH,https://www.instagram.com/reel/C9vLmKyScFN/?igsh=MWYyeWVuemJpeHM5OA==
135,o que que passa na tua cabeça no momento em que você tá aquecendo que você tá se preparando para a prova ah eu tava viajando na maionese eu tava pensando nas receitas quer dizer quando eu voltar para o Brasil você quer fazer Ah eu pego um monte de receita na internet de comida para eu fazer mas eu não faço nenhuma mas eu tava vendo bastante Passei ontem o dia todo vendo isso aí tinha um que era com batata e queijo frango aí tem bolo tem coco tem um monte de coisa,TDAH,https://www.instagram.com/reel/C-TO_evvayM/?igsh=ZmFud2lzaWs0cDE3
137,Se você comprar seu cavalo Aí você ia ter que cortar mato e dá para o cavalo né filho da cavalo lá ele se apertar o mato lá para o cavalo não tem como comprar o mato e dá para ele não sei dá Pera aí você comprar um cavalo você vai ter que cortar o mato e dá para ele lá ele,TDAH,https://www.instagram.com/reel/C9YWzrnOmDN/?igsh=cXo0OGxvZ3BoMmYx
138,que que aconteceu amor ontem estava tomando sorvete tava 200 graus aí eu falei pô tá friozinho eu vou fazer a sopa daí eu passo cheguei no mercado lá tal né Não vou falar mais nada aí eu tive que marcado comecei a comprar as coisas vou fazer uma sopinha né um caldinho e tal para esquentar tá friozinho peguei batata cenoura abobrinha aí eu tava pegando outras coisas e tal aí legal aí cara eu não sei o que aconteceu eu fui passar no caixa quando eu olhei falei não vai querer minhas coisas cara eu peguei o carrinho de alguém aí eu fiquei com vergonha eu passei agora a gente vai fazer com isso aqui ó vai ter que comer ai o que que tem nessas compras aí de comer ué tem frutas aproximação dois pé de alface,TDAH,https://www.instagram.com/reel/C-WVy_6N8Rd/?igsh=NDRzNDRqc3JpbWoz
139,o que é pior do TDH é que essa hiperatividade no adulto né que a gente tava conversando na Live no Instagram essa hiperatividade ela não é motora igual é na criança de não para quieto de subir nas coisas porque o adulto entende que por exemplo essa mesma não devo subir existe uma crítica Então essa hiperatividade ela é internalizada e ela vira uma inquietação uma inquietude em que nada tá bom então a pessoa começa a ver a série preferida dela e dá uma sensação que não tá bom ela não consegue se envolver nas atividades de lazer de prazer com calma Então essa essa pessoa sofre muito,TDAH,https://www.instagram.com/reel/C7_ocmAuiLT/?igsh=MWE0Z2IzdGpqZ2M5dw==
140,Cara você não vai conseguir me evitar meu irmão tá ridículo isso ô cara cala a boca faz isso não deixa o cara meditar que isso não consegue porra isso é coisa para longe do tibé caramba não precisa concentrar e ter falta gente vocês assistiram esse BBB e não é gordinho hein Sei lá porra vamos ver se manda não é nenhuma sugestão desculpa eu de novo Será que formiga dorme Outro dia eu tava me perguntando qual será o signo do Hitler fiquei pensando procure no Google aí rapidinho ó só vim te lembrar que teu pai não te ama e nunca te amou que isso porra calma cara gente por que que chama separou do Chimbinha vocês lembram disso burra boa Achei minha Ei O Democrata Cristão,TDAH,https://www.instagram.com/reel/CrgUu1CrfAY/?igsh=M3ptYW5rOWNvMzdo
143,o meteoro que iluminou parte do céu brasileiro causou medo nos moradores de várias cidades mineiras na última noite eu tava no carro com a minha avó ela tava me levando para aula de ping pong aí eu tava jogando Minecraft no meu tablet aí na hora que eu tava matando Ender Dragon eu tava lá lutando com ele na hora que eu tava assim no meio da luta passou o negócio no céu aí na hora que eu olhei quando eu olhei de volta eu tava morto no Ender Dragon me matou aí aí eu aí eu espalhei na minha cama de novo mas meus itens já tava tudo lá e o portal Era longe Aí eu comecei a correr para ir deitar ali atrás e avó minha avó falou comigo falou Calma caralho tô tô indo atrás lá do do portal Aí eu entro no portal quando eu chego lá meus itens já sumiu aí ele falou ah foda-se vou matar eu entrego na mão não quero nem saber aí eu aí Eu começo aí até ele para matar Porque já te usei na minha volta e ficou me batendo o tempo todo eu não consegui nem chegar lá que os caras que eu já fiquei na luta ali morri eu perdi tudo,TDAH,https://www.instagram.com/reel/C9zq0mKJGhA/?igsh=ZjAycDdoZXd4ZGc4
144,o que que passa na tua cabeça no momento em que você tá aquecendo que você tá se preparando para a prova ah eu tava viajando na maionese eu tava pensando nas receitas quer dizer quando eu voltar para o Brasil você quer fazer Ah eu pego um monte de receita na internet de comida para eu fazer mas eu não faço nenhuma mas eu tava vendo bastante Passei ontem o dia todo vendo isso aí tinha um que era com batata e queijo frango aí tem bolo tem coco tem um monte de coisa,TDAH,https://www.instagram.com/reel/C-Q0TznxcfU/?igsh=bHBveWN6NGZ6dnRt
145,o cidadão tá fazendo o quê aqui cadê o documento mostra o documento telefone celular pode ser pode ser Não Puta que pariu ô viado logo menos eu tô encostando aí para nós usar esse craque tá achando que é palhaçada aqui tio tá achando que é palhaçada Puta mano Toddynho é bom demais Calma calma aí viado calma aí calma aí ô você tá metendo louco também né,TDAH,https://www.instagram.com/reel/C6jdyWHrcET/?igsh=NWNjbW81ZzJ1OTRm
146,ela é TDH e nunca soube e sabe por quê E muito ela não é hiperativa no corpo e ela conta que na sala de aula Ela nunca foi chamada atenção ela Fazia tudo certinho mas que Ela olhava e falava que a mulher tá falando é que essa mulher tá falando aí ela disse que de vez em quando ela fala vou prestar atenção horas que eu vi a professora abrir e fechar a boca e eu falava meu senhor que ela não me pergunte nada nada eu ficava quieta quando ela fala quando ela começava quem quer ler eu já quase que eu morria na mesa aquela coisa assim ela não pode perguntar vou te contar meus traços de desatenção tá eu gostava da aula de história mas não Durava muito né nossa tô entendendo eu tô entendendo eu tô conseguindo entender eu voltava meu deus o que que ela tá falando comigo eu não acredito nisso eu ficava tão feliz assim eu fazia assim mesmo mas sabe qual que era minha técnica Se a gente fosse amiga teria te ensinado quando eu tava entendendo eu fazer a pergunta porque aí eu pensava assim na hora que eu não tiver entendendo ela sabe que eu tô entendendo porque eu não fiz pergunta exatamente essa menina por exemplo que tava sofrendo porque ela dizia que ela sofria,TDAH,https://www.instagram.com/reel/CxlVhPRRxue/?igsh=MWJoZnY5N2k4dGczaA==
147,tá tudo pronto tá montou a seringa montou lá se fosse coletora montou antisséptico pode puxar aqui por cima não não a bandeja toda com a perda da Dona Maria ali ó lá pro leito dela não não aproveita o quê Toda Toda,TDAH,https://www.instagram.com/reel/C7ZOQYbu8C0/?igsh=MWw1dmhzNm4wNXluNA==
158,encosta aqui na parede aí já parei com a mão na cabeça já vamos Oi tu tá com quem aí Tá com nada vai vira aí e o documento Cadê tá com documento digital Mostra aí então para mim palma da mão quê documento Ô volta aqui tô falando contigo,TDAH,https://www.instagram.com/reel/C8hNXiSAn6i/?igsh=cjkyaHQ1dHluOW1t
159,,TDAH,https://www.instagram.com/reel/C-f68TgPUyl/?igsh=MXEyeGFleXpmdnYwZw==
165,pronto aí o senhor vai dizer assim para ele aí eu sou o bisavô da Criança e eu acho que é uma menina eu sou bisavô da menina eu acho que é uma criança uma menina todo dia eu passo um amigo novo é mesmo E ontem Qual foi o amigo de ontem Onde eu tava ontem eu vou te perguntar na praia em casa você é linda natural sim gente eu até tento ganhar dinheiro mas ele não vem até mim né e tudo acontece assim de forma assim natural mesmo então sim eu sou Luiza Natal é toda assim agora que você vai falar então agora você vai responder para ti hein o que é que você gosta de ser criança vai começar assim eu gosto de ser criança porque tá tá tá você vai explicar tá bom,TDAH,https://www.instagram.com/reel/C9V0VhGyxol/?igsh=MTV6MDJoMHNuZGV4dw==
166,para nos matar,TDAH,https://www.instagram.com/reel/C4IuddVNkbX/?igsh=MWs5YjYwbXQxYWEwNQ==
169,vou trabalhar tá tchau tchau tchau tchau tchau tchau amor já esqueci minha mochila é mordeu Esquece essa mochila aqui imagina amor cheio de documento aqui um monte de coisa se resolver mas cinco minutinhos eu fico azedo amor agora sim colando Mas ó segura 24 horas deixa a mochila a mochila o tempo todo no meu ombro lá dentro tava fazendo aqui dentro privada hoje eu tô com a cabeça gente se deixar meu Deus,TDAH,https://www.instagram.com/reel/CyYoxabry23/?igsh=MXJ2YzF1enU3bmEydQ==
170,CDH e relacionamento E aí é uma coisa fácil rapaz vou chamar meu marido aqui para falar isso comigo mentira porque senão ele vai falar coisa ruim de mim e eu não quero gente TDH relacionamento não é fácil primeiro porque nós temos Manias outra coisa TDAH é muito de sentimento tá ou nós gostamos do toque físico ou a gente gosta de palavra de afirmação ou do Carinho a pessoa que está com você precisa entender que o que é essencial para que você consiga se manter feliz continuar ali naquela produção de dopamina e continuar evoluindo outra coisa se você pegar os pontos fracos do TDH e ficar martelando na cabeça dele como se ele fosse prego vai chegar uma hora que ele vai estourar porque TDH que é Coado no cantinho chega uma hora que eles tocam o terror e ninguém mais aguenta ele que ele fala que ele explosivo querem compreensivo que ele não consegue ter paciência e não é bem assim a gente só não consegue expressar o que nós estamos sentindo da mesma maneira que você quer então TDH e relacionamento precisa ser que a complexidade e saber o que é essencial para o outro para dar certo,TDAH,https://www.instagram.com/reel/Cy_N02fLmzq/?igsh=MWN4Z3V4bGR5Y3Bqcw==
171,eu deixei de procrastinar na minha vida despertava eu levantava mas nem que eu levantasse um zumbi eu levantava trocava de roupa e começava o meu dia fazendo atividade física tudo depois começava a se encaixar na minha cabeça nunca atividade física de noite porque o TDAH ele ele com uma atividade física ele fica bem ele se sente bem depois ele reclama para ele mas ele se sente bem se você joga isso à noite você vai dificultar o teu sono e com isso você vai dormir mais tarde tem que ter disciplina hora de dormir o que eu acho assim que as pessoas ficam culpando o TDAH a gente só pode culpar o TDH até a hora que a gente não sabe que tem se a gente tem tem que cuidar é como se você virasse mãe do seu cérebro então por exemplo raramente eu durmo em horários diferentes porque isso me faz muito bem ter essa rotina meu cérebro é como se fosse um bebê e eu cuido dele com muito carinho porque foi esse bebê que me deu tudo tudo que eu tenho então assim cuide dele essa coisa não consigo acordar não consigo desligar o celular não consigo a gente consegue mas tem que querer vai querer com determinação você quer ser alguém você quer realmente dar fruto se você quer ter aquele sentimento tipo assim cara tô com orgulho de mim porque isso não tem orgasmo que te dê você ser orgulhosa De onde,TDAH,https://www.instagram.com/reel/C9fGO2qRXp3/?igsh=OXY5MXJzaXg2M3B4
172,silêncio turma menos né se tinham que aprender com ela ali ó tá sempre quietinha não atrapalha ninguém anota é isso é tão difícil assim ô você pode me emprestar seu caderno para eu pegar o conteúdo Ah é só não tem umas coisinhas aqui para não esquecer eu não sei se vai te ajudar muito Ah vai ajudar sim melhor que nada eu não teria tanta certeza,TDAH,https://www.instagram.com/reel/C77hx4PPn_X/?igsh=enh1eGR6Nzhva2dq
173,um TDH Aldeia quando as pessoas ficam enrolando e não vão direto ao ponto mas na maioria das vezes ele que se enrola e se perde com detalhes desnecessários entendeu H Pode não ter filtro e falar impulsivamente podendo até ferir o sentimento das pessoas mas fica facilmente ofendido com a forma como as pessoas te dizem as coisas e um TDH pode ter problemas para dormir à noite mas vive caindo no sono quando está fazendo algo chato entendeu H pode ser empático gentil e solidário com os outros é mas passa a maior parte do tempo se criticando e se julgando e se você quiser lidar de forma mais leve com os sintomas do TDH é só você comentar TDH que eu te vi o link do manual da Liberdade que tem ajudado muitas pessoas conta IDH,TDAH,https://www.instagram.com/reel/C-i1_PqPElm/?igsh=MTNycnV3bm9pem10bQ==
174,falo muito vou emendando o assunto no outro e muitas vezes sopro só que não tenho paciência para ouvir os outros e quero que eles sejam objetivos e rápidos ao falar me sinto sobrecarregada onde desordem bagunça só acredito limpar e organizar a casa tenho vários interesses e hobbies mas quando fico entediada É difícil fazer qualquer coisa estou sempre precisando de estímulos para entrarem em Ação Mas fico atordoada e não consigo focar em ambientes agitados e com muitos barulhos muitas vezes falo de forma impulsiva sem pensar e acaba magoando algumas pessoas mas fico facilmente ofendido da forma que as pessoas me dizem algo tem um problemas para dormir à noite mas vivo caindo de sono quando estou entediada ou fazendo algo chato seu gentil empática e solidária com os outros Mas faça a maior parte do tempo me criticando e me Ju,TDAH,https://www.instagram.com/reel/C-lhlApPL0L/?igsh=N2MzMnJiZ3p2aGkw
175,,TDAH,https://www.instagram.com/reel/C-p2XzquaF-/?igsh=MTg5MGcyaWs1MWQ4cQ==
176,,TDAH,https://www.instagram.com/reel/C6POr61umLF/?igsh=N3p5NjJmd2Y0ajVh
177,Nossa mas você é tão simples é só você tocar estou com dificuldade faça mais um pouquinho que você consegue nunca fala mais você nunca presta atenção que eu tô falando tô prestando e sem ser uma preguiça porque na minha época as coisas não eu tenho TDH diz que besteira todo mundo hoje tenta viajar,TDAH,https://www.instagram.com/reel/C-bSIhgRH4T/?igsh=MWxwN2czbnowamk2eQ==
179,se a gente fizesse alguma coisa nova hoje é uma aventura alguma coisa totalmente fora da rotina o que que você acha tá tudo bem se você esquecer alguma data importante E aí bora ficar horas falando sobre o seu hiperfoco Olha o que eu tenho para você calma melhora Olha só você quer a bagunça que você deixa na casa a gente arruma se a gente assistir aquele filme que você gosta que você assistiu umas 83 vezes sim eu sei onde você deixou sua carteira e o seu celular,TDAH,https://www.instagram.com/reel/C3G4m3DNBbz/?igsh=d3k3MXpocGJ4eTJk
180,todo professor que está em sala de aula sabe quais são os alunos que tem acompanhamento dos pais são os melhores alunos são os mais educados são aqueles que estão realmente prestando atenção que levam a sério que percebem a educação como um diferencial na própria vida então aluno bom é aluno que está sendo acompanhado pelos pais em geral Claro que existe uma outra exceção mas são raras de encontrar então assim se os pais realmente querem ajudar a criança a ir bem na escola acompanha e o acompanhamento não pode ser Que nota você tirou meu filho não fazer assim o que que você aprendeu hoje meu filho é bem diferente Ou ainda uma outra pergunta filho que pergunta você fez hoje para o professor porque daí você induz você mostra o filho que ele tem que participar da aula e não apenas ficar lá esperando chegar tudo pronto para ele e copiar tem que participar da própria aprendizagem então aluno acompanhado pela família é o aluno que dá mais resultado é escola,TDAH,https://www.instagram.com/reel/C9syuquv0K1/?igsh=d3Rwa2FnNTlzczEx
181,é mais fraco do meu TDH fui lá pegar um bolo falei caralho o que que é um bolo sem café aí tá o café né só que um minuto atrás eu tive na cozinha e tinha esquecido o bolo por quê Porque eu tinha pego o café aí agora tem um café ali outro ali meu bolo como é que faz,TDAH,https://www.instagram.com/reel/C82_PauRGZi/?igsh=MXh4aG5hcGp0cmN0NQ==
182,o doutor falou me fala meu amigo de 1 a 10 qual é o nível de TDH que você tem a é boa pode dizer qualquer letra,TDAH,https://www.instagram.com/reel/C7kV6aVPtqD/?igsh=MTBzdmxlYTBkYjZ4cw==
185,esse nome não é bom transtorno déficit de atenção e hiperatividade por quê Porque não é déficit de atenção porque se a gente tem hiperfoco como é que desce atenção como é que alguém que tem déficit atenção entre hiperfoco Seu nome é horrível o que a gente não tem é controle sobre a atenção a gente gostaria de controlar ela mais para conseguir fazer as coisas que a gente precisa fazer mas a gente é refém dela porque ela vai para onde ela quer é a dopamina que chama a gente segue a dopamina onde ela vai certo eu falo que é o Sidney Magal me chama que eu vou tem que ser se não tiver aquele ímpeto Eu não eu não sigo e isso é o IP foco Então esse nome deve ter atenção Ele não é bom agora por que que chama déficit de atenção e hiperatividade porque a desatenção e a hiperatividade são as duas características do TDAH que mais incomodam as pessoas neurotípicas a gente sofre com falta de motivação com falta de finalização com falta de execução a nossa vida está embaralhada aí por que que chama TDAH chama TDAH porque porque quem colocou foi as pessoas negativas porque porque isso é o que mais incomoda elas por isso que tem esse nome mas a verdade é que a gente tem um teste de motivação É essa a palavra certa a gente não tem controle sobre a nossa motivação o nosso cérebro ele não tem a capacidade de se motivar a gente é motivado pelo que a gente gosta ou seja eu não consigo controlar isso com tanta destreza quanto uma pessoa que é neuro,TDAH,https://www.instagram.com/reel/ChCbAB0OM4b/?igsh=N3o0cDQ2dzhpdXFv
186,glória a Deus não é Louva Deus vai para plantinha Louva Deus,TDAH,https://www.instagram.com/reel/C84pY3OxjI2/?igsh=djY1djRvMzE2dnpj
189,tudo melhorou quando eu descobri que isso tem nome TDAH pessoas com esse transtorno não conseguem administrar o próprio tempo e é um processo doloroso porque a gente cresce ouvindo coisas você é estúpido você é vento Você é preguiçoso às vezes essa repressão vende que a gente mais ama e quem saiba mais e faça o teste rápido e descubra se você precisa do desafio TDH,TDAH,https://www.instagram.com/reel/C9Xfzy7ByEt/?igsh=MXJuOG4zbGFwdGR5cQ==
192,situações que eu só passei por ser extremamente Valéria para quem não sabe eu tenho uma irmã que hoje está com 13 anos e também diferença de idade com ela é simplesmente 13 anos eu fazia ela de bebê reborn praticamente o tanto que vocês acharam que é bom ter uma irmã mais nova é mil vezes mais e quando a minha irmã nasceu Tipo antes ela nasceu na gravidez da minha mãe tava começando esse lance de chá revelação não é tipo a grandiosidade que era que é hoje né tipo avião Cachoeira colorida mas já tinha um chazinho Revelação ali que era uma coisa meio gringa assim tipo tinha poucos mas tinha e a minha mãe foi dar à luz a minha irmã tava eu e a minha irmã do Meio lá para receber e tudo e aí sempre ver uma pessoa para checar as documentações e tudo do bebê início eu e minha irmã a gente tava de acompanhante da minha mãe e ele entrou essa mulher no quarto né pegando as documentações e tudo e como minha mãe tava muito alegre e ela fez algumas perguntas básicas para gente no caso para mim que eu era mais velha aí ela virou e falou qual cor você acha que representa a sua irmã aí eu virei e falei Rosa poderia ser branca poderia ser amarela poderia ser parda poderia ser preta não ela era rosa porque na minha cabeça eu tava falando aí a mulher falou não a cor do bebê aí a minha irmã lilás que minha mãe escolheu ela decorada na decoração,TDAH,https://www.instagram.com/reel/C-F6hHrxlyV/?igsh=MWVpdWJucnRxdmVnbw==
195,teacher I Know It Like You Want To Life Minecraft jogo The Sims Forex,TDAH,https://www.instagram.com/reel/Cf-Bg2Ssfc0/?igsh=MXJ1dHU1ZXBqNmF6dA==
198,são as 15 principais sintomas do TDH em adultos hoje é muito simples os principais sintomas são 15 os teus ideais em adultos vamos lá desvia facilmente atenção isso é muito característico por quê Porque o TDAH ele tem excesso de pensamento excesso de Emoções Então esse excesso de pensamento acaba fazendo uma grande confusão na cabeça e ele às vezes tá conversando e se distrai com alguma coisa É como se a mente de um TDAH fosse um satélite uma antena parabólica um satélite rodando e captando todos os estímulos ao redor por isso é tão difícil para ele manter o foco por exemplo numa conversa é Desastrado desorganizado derruba objetos esquece compromissos também por excesso de informação Às vezes o TDH tá fazendo uma coisa passando de um lado para o outro mas ele tá pensando em outra coisa então ele derruba a cadeira ele derruba o prato ele derruba o suco porque ele tá sempre fixado em algum pensamento importante que a gente entenda que o TDAH ele tem excesso de pensamentos por exemplo um borderline já tem excesso de Emoções então um pouquinho diferente em geral borderline não é Desastrado o TDH em geral é Desastrado então ele esquece chave ele esquece coisas importantes porque ele faz tudo no automático ele tá com,TDAH,https://www.instagram.com/reel/CxEJZpxJ1da/?igsh=MTBwaGJ6azFwcHBvcQ==
199,assim é o verdadeiro TDAH que ninguém te fala se sente preocupado com coisas que precisa fazer e se culpa por coisas que deixou de fazer sempre frustrado e se sentindo um lixo não consegue relaxar nem mesmo nos horários de descanso e lazer se sente sempre cansado indisposto e constantemente sobrecarregado no seu dia tem muita dificuldade para levantar da cama sente o peso do mundo nas costas sente um esgotamento mental gigante e não importa o quanto durma está sempre esgotado está sempre abandonado projetos metas e sonhos não consegue finalizar nada que começa de início se sente entusiasmado e motivado mas conforme o tempo se sente Sem interesse frustrado,TDAH,https://www.instagram.com/reel/C-EEw2wRq_V/?igsh=MTczZDBpYnhjOTU3cg==
200,Então quer dizer que ou você não come nada ou você come demais ou você faz 20 coisas ao mesmo tempo ou não faz nenhuma isso mesmo ou você fala para caramba ou não fala absolutamente nada ou você não se importa com nada ou você se importa demasiadamente em tudo então ou você não dorme Ou você dorme até demais e você ou tem a maior autoconfiança do mundo ou você se detesta Ué não é assim todo mundo não e você ou vai postar esse vídeo agora ou vai jogar fora e fazer outra coisa exatamente,TDAH,https://www.instagram.com/reel/CkHOiriJkMr/?igsh=ZjhuMmliOXEzYTlx
202,Quais são as dificuldades de se relacionar com TDH e esse vídeo é para vocês neurotípicos primeira dificuldade com certeza lidar com as fixações com os hypes do TDH a gente tem uma intensidade muito forte em assuntos a gente tem uma intensidade muito forte em planejamento de médio a longo prazo geralmente Imaginário é aquela sensação que você nunca sabe que a gente quer cada hora uma coisa diferente aí é difícil acompanhar né a segunda dificuldade que você vai ter são com as frustrações se ele se frustrar Possivelmente ele pode ter fortes oscilações de humor logo Venha desilusão profissional venha desilusão das suas ideias que leva para o terceiro ponto de dificuldade que nós TDH somos extremamente esquecidos ou muitas vezes a gente se faz de esquecido Sim podemos esquecer a sua filha na escola podemos esquecer de pagar alguns boletos Ou aquelas compras do mercado quarto ponto de dificuldade é que nós TDH somos extremamente indeciso a gente não lida muito bem com escolhas então Em alguns momentos a resposta mais comum de escutar é ah tanto faz você que sabe a indecisão ela pode inclusive te irritar por isso que algumas vezes nós somos até incoerente que ponto de encontro é gastar demais talvez a gente fale para você que precisamos economizar talvez a gente construa uma retórica porque assim a situação está difícil mas no fim de semana pode ser aqui mesmo comer fora gastar uma paulada no restaurante Mas de qualquer forma problemas acontecem em qualquer relacionamento comete aqui embaixo se você quer que eu faça um novo vídeo falando sobre as vantagens de se relacionar com TDH Quem sabe você se Surpreenda tá bom tchau,TDAH,https://www.instagram.com/reel/C7hXT6ru3fb/?igsh=ZTRjeW43MDNhc3Fj
205,tirar uma dúvida com a senhora aqui sempre no baldinho quanto é que tá o tomate r$ 3 isso é um cachorrinho é que coisa fofa quanto tempo tem ele três vezes vai fazer 3 meses aí vem trabalhar com a tutora vai lá me diga o preço tomate acabei esquecendo r$ 3 vem Quantos mais ou menos a gente não conta não conta né pelo peso pelo peso não é quantidade quantidade Como é o nome do pequeno aí nairon um abraço para Nayara melhor do que a gente cachorro é melhor que muito ser humano né com certeza ela tá aqui aproveitando para desabafar deixa eu concluir a informação ainda a relação em relação ao estudo que foi feito pela Superintendência Esse estudo indicou que o tempo de trabalho despendido por um trabalhador social Metropolitano para obter uma cesta básica 100 horas e 3 minutos que equivale a 45% do valor líquido de um salário mínimo ou seja quase metade do salário mínimo comprometido para garantir o alimento na mesa,TDAH,https://www.instagram.com/reel/C-hsTQTuAdq/?igsh=MWdkaXMwOXJ0eDk3Yg==
207,que nós mais temos vistos são pessoas com comportamento de TDH é um mal do século e são pessoas extremamente inteligentes né só que o TDH tá muito vinculado com suplementação E hoje nós temos nutrientes e suplementos que podem ajudar as pessoas que têm o comportamento de TDAH que existe suplementos como gaba 5-htp consegue trazer mais foco KL tia Nina consegue trazer mais foco eles fazem um equilíbrio dessa sinopse acelerada cerebral e vem o TDH,TDAH,https://www.instagram.com/reel/CwyLpzXP-d1/?igsh=MTB4aHZqcHBjYmxlZw==
208,que que aconteceu amor ontem estava tomando sorvete estava 200 graus aí eu falei pô tá friozinho fui fazer uma sopa né daí eu passo cheguei do mercado lá tal né Não vou falar mais nada aí eu tive marcado e comecei a comprar as coisas né Falei eu vou fazer uma sopinha né um caldinho e tal para esquentar que tá friozinho peguei batata cenoura abobrinha aí eu tava pegando outras coisas e tal aí legal aí cara eu não sei o que aconteceu eu fui passar no caixa quando eu olhei falei vai querer minhas coisas aí eu peguei o carrinho de alguém aí eu fiquei com vergonha eu passei agora viu aí agora que a gente vai fazer com isso aqui ó vai ter que comer Ah e o que que tem nessas compras aí de comer ué tem frutas aproximação dois pé de alface,TDAH,https://www.instagram.com/reel/C8IDtptpXeb/?igsh=MTBvbGQ2ZnBxeXd5bw==
209,mentira a gente tem uma desregulação emocional que muitas vezes faz com que nós não sintamos saudades muitas vezes em situações que pessoas neurotípicas normalmente sentem tá não vai acontecer com todo o telhado vai acontecer sempre também tá tem várias características várias condições que vão determinar isso mas sim pessoas com TDH atendem a vocês querem começar a cidade das pessoas elas não estão ali na frente da gente o tempo todo então as saudades acabam sendo aí essa parte dessa desigualdade emocional porque né Longe dos Olhos longe do coração nem procura o parceiro não não é não não é que não sente saudade não é que não gosta não é não é não é nada,TDAH,https://www.instagram.com/reel/CqVlHyFNA8L/?igsh=MXNtZmRodGI0bzdhZw==
210,eu vejo que muita gente hoje ah tá na moda tudo é TDH mas na verdade não é que é tudo é TDAH se o paciente realmente tiver o TDAH ele vai ter prejuízo como o esquecimentos será que é bom a pessoa esquecer um celular de r$ 10000 no aeroporto e lembrar dentro do avião como é que vai recuperar Será que ele vai conseguir é bom será você participar dentro de uma sala de aula Se não conseguir nem prestar atenção na aula fica voando aí no outro dia você falou que que deu lá mesmo né tem que estudar dobrado que fora que você às vezes acaba cometendo erros por dias da atenção você tá trabalhando tem que preencher uma tabela aparente números errados então na minha opinião se é na moda ou não pouco relevante nesse momento a gente tem que saber com o transtorno ele é real e algumas pessoas também diagnóstico nós temos que tratar,TDAH,https://www.instagram.com/reel/C9gB5ohRHk-/?igsh=MTlnYWcweWNtYjh1NQ==
211,e quando Você encaminha não de repente tem a cabeça dele e de repente se apaixonaram que aconteceu a tocar e apesar dessa sexta-feira,TDAH,https://www.instagram.com/reel/C9pkulGuile/?igsh=MXY1bDNucDBra25kZA==
212,como achar que nada tem porte de Goiás,TDAH,https://www.instagram.com/reel/C-TukKcxe2W/?igsh=ZGVmaWJyNmYwc2lo
214,eu vou começar a me arrumar agora a Adriele Mas o negócio é 8:30 então você tem que passar se arrumar o quê umas 7 horas amor entende uma coisa eu não pego mais moto eu caí de moto você acha que eu vou voltar o meu vômito não vou não bem é porque eu me entendo como pessoa TDAH eu tenho problemas com horário e eu não quero atrasar empatar a vida de ninguém porque de empatar a vida já basta a hora de se arrumar é agora vamos lá,TDAH,https://www.instagram.com/reel/C7xCQ95xlh0/?igsh=ejNzbGU2NHB3YzE=
215,você viu aquele novo filme que estreou no cinema agora que tem explosão filme de ação que tem um monte de coisa não é incrível adoro filme assim de muito legal né ah Inclusive tem aquele ator gostoso lindo Nossa Ave Maria como que é o nome dele Arno de flash never né uma coisa assim eu tenho um amigo que adora ele é muito fã dele é engraçado né gente eu tô devendo um pizza para ele rapidinho só minuto somente a minha mãe mandou uma mensagem aqui pera aí mandou um vídeo foi muito bom,TDAH,https://www.instagram.com/reel/Cwab6pSgoA8/?igsh=MXY5dnFvNmhvYWJkeg==
216,depressão TDH de esgotamento é de cansaço a pessoa fica estafada quase um Burnout é exatamente inclusive é uma comorbidade que não é incomum em quem é TDH essa pessoa Às vezes tem TDH tem depressão tem Burnout tem tablet tem ansiedade generalizada por quê Porque quando quando o adulto descobre que dentro de H na fase adulta que ele não quer dizer que ele não tratou antes ele sabia né O que era nem sabia o que era para ele ir atrás de alguma coisa é porque o negócio já começou a feder em algum canto da vida e ele vai protelando porque ele não ele não vai buscar a solução logo não eu vou resolver sozinho eu chamo isso do complexo do lobo solitário eu preciso fazer tudo Só sozinho eu não posso receber ajuda então não fala para ninguém não compartilha com ninguém eu não divido não mas eu vou dar um jeito sozinho porque a gente quer ir para compensar a gente quer fazer porque a gente sente que a vida da gente é cheia de falhas e de guerra a gente se sente atrás a gente sente atrasado a gente se sente culpado dos outros então toda ideia nova que a gente tem a gente acredita que a gente tem a oportunidade de hipertensão agora eu vou conseguir ser o que eu nunca fui agora vai dar certo agora eu vou fazer tudo e aí eu tenho que fazer tudo sozinho e até aí a gente já sabe o que que aconteceu milagre do dia pra noite porque eu quero rápido né imediatista Eu quero,TDAH,https://www.instagram.com/reel/Cgg9b1FL-cW/?igsh=dHNjZ2J4ZGV1YTkw
217,o TDAH precisa de rotina mas infelizmente ele tem dificuldade em mantê-las já o autismo ama rotina e tem muita dificuldade com imprevistos o TDAH vive se distraindo até mesmo com seus pensamentos o autista ele pode até não estar te olhando ou Parecer distraído mas ainda assim ele consegue manter a atenção o TDAH pode ser muito comunicativo gostar de conversar e até falar coisas engraçadas de autista tem muitas dificuldades na comunicação e na interação social interessante né comentem muito que a gente faz a parte 2,TDAH,https://www.instagram.com/reel/C9vakNQxUMz/?igsh=dzJvM2pnbXYyenA1
219,você é tão de boaça como é que você pode ter TDH hein Que que tem a ver não era para você ser tipo sei lá hiperativo não o ambiente no qual eu fui criado me forçou a internalizar toda a minha hiperatividade e assim mascarar todos os meus sintomas para que a sociedade ficasse mais confortável mel para com isso então muito obrigado mas essa máscara ela está internalizada do meu cérebro faz parte de quem eu sou agora vai ser muito mais difícil arrancar isso de mim do que você pensa e na verdade isso faz com que eu perca a noção de quem eu mesmo sou né Você não é um sociopata não hum só TDH mesmo,TDAH,https://www.instagram.com/reel/CnUfLXROnYR/?igsh=Y3QwMXAwZ3R1eXNt
220,preciso do worst,TDAH,https://www.instagram.com/reel/C-Qy3xJSg3f/?igsh=MXIyMnY4ZTExOGt5Yw==
222,Quantas pessoas no 75 Quanto tá valendo um pouco na cara,TDAH,https://www.instagram.com/reel/CxY_QA-MQAw/?igsh=MWY0c3llOTRhNGRieQ==
