ID;Transcription;tag;Link;classifier
0;é que vocês vão ao banheiro e quando sai sai todo o calção todo enrolado a bermuda toda enrolada Ei eu acho que eu vou contratar uma pessoa sabe Para quê Quem é essa pessoa eu não sei para me ajudar a ensinar vocês a vestir a roupa porque eu já passei 43 anos e não consegui os calções é toda vez que vocês vão no banheiro deixa eu passar toda bagunça por que hein que vocês não se organizem hein então nem aí né que coisa é isso é palhaçada sua não é palhaçada precisa estar ajeitando as vezes a gente tá no shopping rapaz vocês vão ao banheiro quando sai sai todo bagunçado é quem gosta Ai gosta de fazer isso mas não tem vergonha não bicho eu não tenho nada e você não tenho vergonha tem mamãe para ajeitar né Você quer que eu suporte de tudo né;TEA;https://www.instagram.com/reel/C6fO5FfLmED/?igsh=MXAyOHJsejdncGZodg==;Experiência Pessoal
1;encher as garrafas eu não posso Pois é meu filho tem três é porque não sei eu fico eu senta aí cocô errado tem um problema de coluna não dá para eu ficar sentado mas eu nunca vi você se queixar de coluna dor na coluna você tem é muita preguiça de encher as garrafas d'água né que coisa feia agora para beber Você bebe todo todo toda vez que você quer tomar não sei o meu problema é essa coluna aqui é essa coluna aqui eu não acho todo dia eu fico fica com preguiça diga assim que coisa feia você já não faz quase nada um em cima tá bom assim;TEA;https://www.instagram.com/reel/C62Nj8BxD3W/?igsh=MXVjcWtqZmN6MnRuOQ==;Experiência Pessoal
2;hoje é o dia mundial da conscientização do autismo então feliz dia para aqueles que têm hipersensibilidade auditiva para aqueles que perdem minutos de uma refeição só separando aquilo que não gosta de comer para aqueles que têm performances específicos em coisas específicas para aqueles que precisam sempre de um ritual diário para se manter regulado para aqueles que não conseguem socializar não importa o quanto eles tentem e para aquelas pérolas que acabam falando que pensam sem medir as consequências e também para aqueles que nem sempre conseguem se comunicar da forma que deseja de 9:30 da noite de hoje eu farei uma live com a minha mãe na plataforma que começa com o tempo tira muitas dúvidas sobre autismo e se você tem interesse de conversar com a gente diretamente e já corre na Live E mais uma vez feliz dia para todos;TEA;https://www.instagram.com/reel/C5RReZ9rzRm/?igsh=MTJkM21teXc5dDU3eg==;Útil
3;droga;TEA;https://www.instagram.com/reel/C6bnmfVuhHX/?igsh=MTI1c2Z5bzBoZDYydw==;Experiência Pessoal
4;cientista elaborado sistema comum mas que normalmente Por que estamos sendo a era dele acertar Senhor da palavra simplista também conhecida como pau grande e tem Golias Sanhaço isso para mim notícias na forma diferente de verdade do mundo e praticamente tem sentido e vai chegando não apareceu na frente impressora homens;TEA;https://www.instagram.com/reel/C5Q3IUtLmLz/?igsh=b2hvaThvdDh6ZXI0;EXCLUÍDO (Espanhol)
5;consultar esse balãozinho de Deus ele vai ficar bem por causa que o papai do céu vai achar ele vai encontrar o papai do céu e diz assim papai do céu o Lucas me soltou para para ser libertado Tudo bem eu vou fazer igual um orçamento de foguete idiota três dois um um episódio louca olha vai estourar Eita foi para cá eita meu Deus Caraca tchau tchau avião mas tá muito longe né nossa ele vem levado pelo vento né ele vai ficar bem ele tá com a sacolinha né Essa galinha foi embora também né vovó aquela figurinha era a sua foi bem mais alto né;TEA;https://www.instagram.com/reel/C6ICcZuoB68/?igsh=dGRobTl1ZnRuenow;Experiência Pessoal
6;olha só os meus irmãos autistas brigando por causa de um ovo só dá uma olhada aqui nesse outro mano tira a mão no meu olho a pessoa comendo tu vai mete a mão então é mal educada mamãe ensina a educação para essa menina Eita vai chorar é pois chore chore aí sabe o que acontece Pedro é que eu tô com um pouquinho de fome sabe eu tô ligado Pois é já saquei Já já esse pedaço aqui eu não quero não aí tu como é esse pedaço aí tá pronto virei lixeira de Manu Vê se pode um negócio desse minha dignidade fica aonde esse esse feminismo É eu gosto dessa parte aqui amarela do ovo entendeu eu gosto ela é mais macia assim para mim tem mais gosto entendeu você ouve aqui tá muito bom aí Tá bom então deixa eu provar aqui o meu tu também comente Pitaco tu vai perder ó como é que come é um mordidão entendeu para aí você come come direito né mamãe não é assim eu não sei o que que tu tá pensando aí mas na minha cabeça esse ovo aqui é meu entendeu eu declarei quando ele já tava na frigideira que ele era meu minha irmã Desencana do meu ovo Bicha chata da mulher pronto aí ó não quero mais tá todo babado esse ovo aqui também não quero não consigo sempre tudo que eu quero olha só comi o meu ovo inteiro ai já comigo nos ovos dos outros aí quando faz o ovo dela ela não quer fica aí tomando o ovo dos outros como se estivesse autoridade para fazer isso comentando eu arreguei agora mas já vou dizendo que a próxima comida que aparecer aqui eu vou comer ela inteira viu mamãe tá ouvindo mamãe;TEA;https://www.instagram.com/reel/C6UKMyMrKMg/?igsh=d3FkZnJveTloOThi;Experiência Pessoal
7;meu filho tem 4 anos autista nível 3 e o Gabriel eu moro na barriga até hoje eu não consigo encontrar tratamento para ele graças a Deus ele está na escola estadual amante que tem um assistente que ajudaram que se chama Cris e nem plano de saúde que graças a Deus hoje eu recebo o dinheiro dele há dois meses e eu consigo fazer para ter terapia e ele piora e eu vou junto com ele vou ajudar tá Que luz velho Muito obrigado;TEA;https://www.instagram.com/reel/C5hJas8pOxF/?igsh=dHgzeHlncDRuZnFy;Experiência Pessoal
8;eu sou autista eu coloquei meu nome Clara carro por causa do carro e não sumiu sabe se eu sou a Clara por causa do carro Renault Sandero que é meu maior impressão eu desista e é óbvio porque eu amo ouvir na escola porque eu sei que na ilha Na volta eu vou ver Várias escolas que é meu maior importância;TEA;https://www.instagram.com/reel/C6JPQOcuevI/?igsh=OGtqbXd3bjI3Zzlp;Experiência Pessoal
9;sinais de autismo em adultos ter poucos amigos ou nenhum não gostar de receber visita preferi ficar em casa do que sair nervosismo quando precisa conversar com alguém que não tem intimidade ou para fazer ligações ser resistente a mudança e ter padrões rígidos de comportamento de pensamento preferir trabalhar sozinho do que em equipe sentir desconforto ao fazer contato visual desconforto com barulhos lugares muito agitados e pessoas falando ao mesmo tempo esgotamento depois de interações sociais ensaiar ou fazer scripts mentais do que vai falar quando for interagir socialmente desconforto com luzes muito fortes cheiros texturas de roupas e etiquetas e irritabilidade sem motivo aparente dificuldade para dormir com claridade e distúrbios do sono e aí se identificou com quantos me conta nos comentários e não esquece de ler a legenda;TEA;https://www.instagram.com/reel/C54ePPktUYC/?igsh=YTF3ZHZ4amF3YW5h;Enganoso
10;saia dessa ia ver se gosta é porque porque aqui estou saia Verde;TEA;https://www.instagram.com/reel/C6evUF5RQPH/?igsh=dHpmaGtwN3luc29p;Experiência Pessoal
11;eu não deixei a minha irmã autista fazer o que ela queria e ela resolveu me punir para quem não sabe eu estou falando de Manu que ela é muito adorada nessa conta o que acontece né Um dia ela tinha vindo aqui e ela tava lá no meu quarto como de costume ou desfoco aqui mas como de costume ela tava no meu quarto porque ela gosta de ver desenho e mamãe e eu estávamos com uma fita dupla face colando os meus quadros na parede vou mostrar para você que são esses quadros aqui inclusive um ali caiu aí vocês estão vendo essa fita aí branquinha enfim o que acontece é que Manu estava querendo brincar com a filha e eu não queria brincar normal ela queria arrancar a fita inteira dinheiro não nasce em árvore né obviamente não deixa ela fazer isso e também Manu tem Toddy que é o transtorno opositor desafiador Então ela tem uma extrema relutância ser contrariado Mas não é por isso também que a gente pode deixar ela fazer o que ela quiser peguei a fita dela e falei você não vai ter a fita e acaba quando eu saí do quarto que eu saí com a minha mãe né deixou lá ela vendo desenho como ela tava vendo tem uma coisa sobre uma lua que ela é muito rancorosa aí o que foi que ela fez a gente saiu do quarto quando eu ouço só ela ela afundando e querendo chorar aí eu cheguei no quarto e ela tava simplesmente tentando arrancar os quadros que eu colei na parede ela tentou fazer isso só porque eu não dei a fita para ela ou seja ela tava prestando atenção que eu tava querendo os quadros ali na parede e esperou sair no quarto para poder arrancar a parede porque afinal se ela não podia ter o que ela queria eu também não podia aí para quem fala assim ah autista em nível 3 parte não entende nada sei lá enfim né;TEA;https://www.instagram.com/reel/C5WoLseuD6j/?igsh=MTF5b2NyZHplNGI1eg==;Experiência Pessoal
12;Você sabe por quê cada dia Tem mais crianças autista eu sou o Miguel e sou autista nível 1 de suporte você já deve ter ouvido alguém falar nossa tudo agora é autista agora cada criança agora é o artista Na verdade o número de Diagnóstico aumentou por vários fatores mas com certeza o principal deles é que os pais estão muito atentos pais que não se preocupam e que não tem vergonha de ajudar os seus filhos com seus desafios e que sabem o diagnóstico é só um ponto de partida e para esses pais eu bato uma salva de palmas compartilhe esse vídeo e nos siga aqui no Instagram;TEA;https://www.instagram.com/reel/C58sb9kO70b/?igsh=OTdqeTRqMGs1ZnY5;Útil
13;Ó gente o Arthur ficou bravo só porque eu mudei o caminho ele tá se batendo tinha um caminhão ó a gente tá indo filho tinha um caminhão e a gente não conseguia passar na rua para gente virou em outra rua ele ficou desse jeito desse jeito ó tamo indo para escola Arthur Gabriel quarta-feira tá feliz filho estamos chegando aí ó na porta da escola chegamos Eba mamãe já tá pronto que rápido foi muito rápido não deu nem tempo ai que lindo carregando a mala que lindo filho;TEA;https://www.instagram.com/reel/C6rojF-uTKm/?igsh=MWthdTM1dGtzeHd4NQ==;Experiência Pessoal
14;coisas que tornam minha irmã autista única e sim ela estava dentro do bar mano é extremamente curiosa e observadora sempre que a gente usa um objeto na frente dela por mais que tenha sido só uma vez e Pareça que ela nem percebeu ali o que a gente tava fazendo ela já entendeu Como funciona aquele objeto e se ela pegar ela vai tentar replicar por mais que ela não fale ela sempre procura replicações de animais se caso o gato Manu Manu ama desenho animado mas ela sempre prefere os que tem o pior gráfico possível se o desenho animado tem aquele gráfico Super Show atualizado o punk das galáxias ela não vai querer ela vai querer o mais lascado e outra coisa sobre ela também que assim como eu eu odeia ver uma porta aberta e ela sempre tem que fechar quando mandou fica irritada por não conseguir achar o desenho animado que ela quer ela simplesmente desliga a TV porque ela não tem paciência para procurar outra coisa que ela é um poço sem fundo cabe tudo de comida nessa menina e ela continua mal é a última coisa que ela faz suas próprias experiências na cozinha com base no que ela já viu a gente fazendo a questão é que ela não sabe fazer exatamente mas ela sabe como funciona e por isso ela acha que ela vai conseguir fazer mas ela não consegue;TEA;https://www.instagram.com/reel/C4y3N5PLCjc/?igsh=Zm1oZG5mY2UyZHh4;Experiência pessoal
15;meu irmão autista Conseguiu quebrar o macaco indestrutível pasmem não demorou nem um dia eu não devia ter subestimado a capacidade de destruição do furacão Pedro e nesse cenário eu tenho mais pena da pobre da Manu mesmo porque ela tinha gostado muito do macaco Já ensinei para ela como era que destruía né Sem destruir de fato eu não pensava que Pedro fosse encontrar uma forma de destruir de fato Ah mas como que você sabe que foi Pedro Por que essa marca registrada de Pedro olha só olha a cara do destrói olha como ele já mordia com um ódio esse macaco ele já pensando eu vou quebrar isso aqui fica com o vídeo da destruição do macaco ou os restos que minha mãe encontrou procurando macaco Eita Bruna olha aqui mais aqui e olha olha aqui minha filha sinal de macaco morto viu Eita Bruna olha minha filha tá aqui nega e para quem adivinhou né que o macaco ia acabar morto na boca Tinha que ser o furacão Pedro;TEA;https://www.instagram.com/reel/C4EV206LgUQ/?igsh=MW8xYTk1NjIxaG02Nw==;Experiência pessoal
16;mandar o joelho que tá doendo eu acho que semana Telma dele cadê onde é é aqui é aqui mesmo aqui é é vai também você disse que bateu numa perna agora já são os dois as duas pernas hum passou para outra perna foi a dor hein aí já tá já quer nas duas horas mas você vai ver tá melhorando Já está melhorando quer dizer acabou dessa passou para essa foi mesmo passou de uma perna para outra você tá falando a verdade que eu levei ontem você levou a pancada numa perna aí passou para outra foi eu tava dizendo que passou Conta essa história direito não quando eu cheguei na cama eu já tava me levantando aí a pancada é muito grande;TEA;https://www.instagram.com/reel/C6uMfQkRMRq/?igsh=bjR6eWlpN3oyMHdn;Experiência pessoal
17;mandar o joelho que tá doendo eu acho que semana Telma dele cadê onde é é aqui é aqui mesmo aqui é é vai também você disse que bateu numa perna agora já são os dois as duas pernas hum passou para outra perna foi a dor hein aí já tá já quer nas duas horas mas você vai ver tá melhorando Já está melhorando quer dizer acabou dessa passou para essa foi mesmo passou de uma perna para outra você tá falando a verdade que eu levei ontem você levou a pancada numa perna aí passou para outra foi eu tava dizendo que passou Conta essa história direito não quando eu cheguei na cama eu já tava me levantando aí a pancada é muito grande;TEA;https://www.instagram.com/reel/C6uMfQkRMRq/?igsh=bjR6eWlpN3oyMHdn;Experiência pessoal
18;porque não quis liberar tudo mais traz felicidade quer passar por que não quebrará;TEA;https://www.instagram.com/reel/C5__8LpJJoQ/?igsh=ZHlvZ2gxb2hwOTgw;Excluído (espanhol)
19;eu sei que a senhora gosta de mim gosto e muito e você e do seu irmão às vezes quando eu fico assim sabe assim Como assim pensando na senhora o jeito da senhora como é Meu Jeito Seu Jeito brincalhão o seu jeito de vender Tô com medo com meu irmão você gosta adoro você Eu também te adoro e você a você e ao seu irmão;TEA;https://www.instagram.com/reel/C6C2QEpxFaO/?igsh=MTBxYXNxOXF3NndjYg==;Experiência pessoal
20;vem ver só a minha irmã autista não verbal falando que coisa linda Manu olha para mim olha para mim Fala Bruna Bruna Bruna Bruna só dessa vez vai Bruna Fala Bruna Pedro Google papai papai ai meu Deus papai então papai;TEA;https://www.instagram.com/reel/C454a44LhnQ/?igsh=MWw3eGtteW9nbHMyaA==;Experiência pessoal
21;vem ver só a minha irmã autista não verbal falando que coisa linda Manu olha para mim olha para mim Fala Bruna Bruna Bruna Bruna só dessa vez vai Bruna Fala Bruna Pedro Google papai papai ai meu Deus papai então papai;TEA;https://www.instagram.com/reel/C454a44LhnQ/?igsh=MWw3eGtteW9nbHMyaA==;Experiência pessoal
22;motivos pelos quais a minha irmã autista já surtou ela já surtou porque a comida que ela queria comer não estava do jeito que ela queria comer cortado do jeito que ela queria comer e na quantidade que ela queria ela surta constantemente por não encontrar o desenho que ela quer ela surta sempre que papai muda a rota do carro no meio do percurso porque ela não tá acostumada com a Rota nova ela também surta sempre que a gente ignora o fato dela querer comer tudo na casa e acaba não sabendo o que ela quer surta constantemente com Pedro por ele ficar abrindo a porta onde ela tá vendo TV porque ela gosta de ficar isolada Então ela surta e agride ela surta toda vez que eu tento fazer uma entrevistando com ela porque ela enjoou disso e não quer mais falar Manuela também surta sempre que a gente não dá ela o objeto que ela quer brincar Mesmo ele sendo totalmente inapropriado para ela brincar como por exemplo uma tesoura e agora tomando suco bem mais coisa mas você colocasse tudo nesse vídeo ele ia ter uns 5 minutos se você tem interesse em conhecer mais sobre a nossa rotina típica tendo três autistas na família não esquece de visitar o meu site Bela sincera.com que lá eu tô vendendo um livro Diário de um autista tem formato ebook e também um livro físico e esse foi o vídeo Espero que tenham gostado beijinho;TEA;https://www.instagram.com/reel/C533xpmOJvD/?igsh=MWQwZHMwZzVjODd6Yw==;Experiência pessoal
23;Sônia thank you for playing cards gordas times Roman sometimes everything is known for What Journey Tá pequeno fazendo garrafa;TEA;https://www.instagram.com/reel/C5aw3I6rwp9/?igsh=N2dpZjl5NWt5bm13;Experiência pessoal
24;Leonardo fala sobre autismo Maria Alice é autista confira no vídeo para vocês uma doença chamada autismo né então muitas crianças com autismo e através do senador da República Jorge Kajuru que aqui em Goiânia está montando o centro de apoio a essas crianças com autismo e o dado muito preocupante porque Segundo a OMS Organização Mundial da Saúde A cada 10 crianças que nasceram daqui para frente 5 terão autismo Então isso é muito preocupante quero parabenizar você Jorge Kajuru por essa por esse feito muito grande para as crianças para o povo que tem essa doença autismo boca você tá rindo de quê o cabelo tá para cima do papai ai irmãzinha Maria Alice como é que faz irmãzinha Mariana;TEA;https://www.instagram.com/reel/C5HEyPNPcng/?igsh=MXN3MGhsdnh0dWpnNg==;Enganoso
25;não não vai mexer não aí não quer que eu mexa Nem chega nem perto Nem chega perto não é nem para eu chegar perto é se não eu posso né jogar você sabia não deixa nem minha mãe chegar perto Olha não tem mais Onde colocar ó não deixe não eu não quero jogar fora não Você é quem vai olhar tudinho e ver se tem algum que não é não quero Ah não não pode não posso tá certo não posso porque você não vai ser pior para mim o que é assim que pode acontecer com você se você jogar alguns potes uns potinhos fora o que é que pode acontecer algo isso tem muitos ali não cabe mais nenhuma ali nunca mais nenhum peixe posso deixar né então se a Adriana trouxer mais e não tem mais a gente colocar né eu vou guardar enfim ali em cima é sim vai dormir vai já tá na hora né agora não quer dormir agora não então boa noite boa noite boa noite sorridente;TEA;https://www.instagram.com/reel/C6m5y_Cr-0Z/?igsh=MXFtMTE1N2YyNXhscg==;Experiência pessoal 
26;eu sou autista E é claro que eu preciso de um tempo para assimilar as informações que meu coração você precisa Lembrar de fazer aquela movimento meu Deus o que será que ele tá falando eu sou autista E é claro que você não vai desmarcar um compromisso comigo em cima da hora eu sou autista É claro que eu por conta do hiperfoco posso ficar horas fazendo a mesma coisa eu sou autista E é claro que eu adoro uma rotina e os alarmes são os meus melhores amigos eu sou autista E é claro que você não precisa ter medo de mim eu não morto a não ser que você me implore eu só autista E é claro que tudo tem o seu lugar de estar E aí de você se mexer;TEA;https://www.instagram.com/reel/C5ZSQPYuCD6/?igsh=M3J2d3o3cGs4cWYw;Experiência pessoal
27;tá passando as coisas aqui tem uma menininho pegando por favor fingir que eu não tô nem vendo já botou uma pipoca aqui ó você escutou vendo não vamos ver o que que ela vai fazer nada que guardou guardou Vixe Maria Diane você quer você quer então coloca aqui dentro pode colocar aqui dentro a gente vai levar o quê que você quer Eita minha filha passar os dela porque ela é besta ela quer passar o dela na frente logo aí a gente tá no estacionamento descarregando as coisas no carro a única coisa que tinha ele pegou foi o quê entrando no carro com uma sacola do Salgadinho;TEA;https://www.instagram.com/reel/C5PAkNPPwtZ/?igsh=MWg2cWw4a2lkeTloNQ==;Experiência pessoal
28;que foi eu conheço o jeito dela eu conheço a peça Telma é porque eu cheguei eu disse Telma os meninos ficaram lá em Maxwell vem logo aí vocês não vieram logo hein chegaram agora né bichinho quer eu quero ela quer se aparecer ela quer aparecer hora de vir para casa tem que vir para tomar banho para almoçar e depois descansar não é para estar na casa dos outros não tá vendo anjo e ainda chega cheia de razão não venha brigar comigo não não venha dizer nada não olha olha tá vendo não foi com essa carinha de santinha para o meu lado não tá querendo desdobrar sabido Ô Telma ele vai lhe pedir desculpa vamos logo aí essa Desculpa até mais que você falou aborrecido com ela vamos estou mandando entendeu ela fica brigando comigo mas não ela queria que você chegasse cedo essa desculpa é porque eu demorei um pedaço aí eu voltei eu tava fazendo o quê tava com a menina;TEA;https://www.instagram.com/reel/C3_LCBMRUHu/?igsh=OWhxOXdoN3h3MThy;Experiência pessoal 
29;Sônia thank you for playing cards Borges Messenger times Roman sometimes everything is known acordar 6:00 what's your name Tá pequeno Fazenda Raven Lopes 69 Facebook portal doente One Direction;TEA;https://www.instagram.com/reel/CrqvomRg2Ot/?igsh=dTYwcXdoZXNiNjlm;Experiência pessoal 
30;e a vovó que fez a simpatia do pintinho para eu falar Pronto A vovó já arrumou já arrumou para Cabeça Ela pegou um pintinho para fazer uma simpatia com a boca para você falar abre a boca Google Abre a boquinha abre aí tá agora é só aguardar o Enrico falar né mãe o Enrico ó a vovó olha aqui pediu para o moço pediu para o moço piscina devagarinho pronto para mudar ele para a mamãe dele fala assim me ajuda a falar pipiu da pipiu para mãe mãe dele né porque eu já vi que tem bastante galinha aqui é mais uma tentativa né mãe;TEA;https://www.instagram.com/reel/C5nqSuEO4Cx/?igsh=MWc0Y2F2c2gyOTRqaQ==;Experiência pessoal 
31;Justiça do Trabalho autoriza redução de jornada de trabalho em 50% para empregado que possui filho autista É isso mesmo e a empresa que esse funcionário trabalha é empresa privada não é empresa pública sem prejuízo do seu salário ou que precise compensar as horas depois a justiça do trabalho determinou essa redução de 50% da jornada do trabalho para que esse empregado possa levar esse seu filho com autismo em consultas e tratamentos médicos a e atenção a lei não exige que esse pai ou essa mãe seja solo e aí o que você achou dessa decisão me conte aqui nos comentários;TEA;https://www.instagram.com/reel/C5DZ2RXAe0X/?igsh=MWdzOTdtdmgxeWgxYg==;Útil
32;a gente vai ali no Alexandre Para quê Para ele olhar um pouquinho seus dentes como é que estão entendeu E por que que ele quer me olhar meu bem por quê Porque para fazer uma limpeza tá muito quente o meu o meu não está não tem aí a gente vai só tirar as manchinhas hein para onde nós vamos no consultório de Alexandre para eles ele olhar esse Deus tem tirar essa coxinha que tem entendeu agora aí quando é que ele terminar eu não sei se vai dar para tirar não mas é mamar dá para tirar tá;TEA;https://www.instagram.com/reel/C4MBh6Fxhzg/?igsh=d2s1bjJzZWhmbWs5;Experiência pessoal 
33;observe a minha irmã autista desligando e religando como se nada tivesse acontecido o próximo é desenhos árabes eu digo um falando tu desconto Manu eu digo hum mandou de quanto fala fala Manu de quanto Manu desenhos árabes Manu de quanto fala fala fala isso agora eu digo doce não Google eu digo 10;TEA;https://www.instagram.com/reel/C5O9rEnr5QG/?igsh=b3VoazdoMGZ0dnB2;Experiência pessoal 
34;ali tem centenas de potinho iguais Para que você quer tanto potinho igual que faz aí eu quero não é assim Augusto justifique então não porque eu quero só porque você quer quero sim Ora se eu quero quem de Deus fotinho foi a senhora sim é aquele né o pequenininho você agora tá querendo os pequenininhos Então vamos jogar fora Aqueles grande não não não hein Olha o depósito lá já tá cheio não tem marrom de colocar não deixa deixa não cabe mais deixe então você não vai mais receber de ninguém né E se Adriana trouxer um dia que você vai colocar mais eu acho que a gente pode selecionar aqueles mais velhos jogar fora para dar lugar aos que vierem novinho não não quero jogar não deixa para lá;TEA;https://www.instagram.com/reel/C6RwIDMRsL5/?igsh=MWUwN2wyNDVxeXFpYQ==;Experiência pessoal 
35;Que cor é essa quem é essa aqui que cor que é essa Qual é a cor vermelho fala vermelho que bicho é esse aqui que time é esse e esse daqui é o pônei fala pônei O que é isso é a melancia fala melancia isso que é isso;TEA;https://www.instagram.com/reel/C583tzsR3fj/?igsh=MTAyNTd3ZTQxb2p4cQ==;Útil
36;obrigada um amor de vocês quebrou a maldição e libertou minha alma não teria que matar de novo não;TEA;https://www.instagram.com/reel/C51HdhDLFcZ/?igsh=MTBqNngxMmV1aXdrbg==;Experiência pessoal 
37;verdade para falar e sai correndo para de se auto Diagnóstico como autista sendo que você só é antissocial e chata esse mal-estar que você está sentindo na inveja Nem olho gordo é intestino preso ou solto Para de se auto diagnosticar como TDAH Às vezes você sai desorganizada mesmo se organiza tenha um planner despertador só queda de cabelo não necessariamente é por fatores hormonais ou falta de vitaminas às vezes é por muito estresse por pessoas tóxicas que você não tira da sua vida existe homem bonito que presta assim você querendo todo eu vou casar com um fazer isso que quero não beber água Não Adianta De nada você bebe água em nome de Jesus vigia na terra se orienta se você não concorda não gostou da vida você sai fora Ninguém te perguntou;TEA;https://www.instagram.com/reel/C5uUplHuEaE/?igsh=MXVkN2N5a3I5YTV2ag==;Experiência pessoal 
38;amigo vamos sair Bora onde é que você quer ir você não sabe mas tem que ser amigo você está bem rápido demais estou passando mal cara cara amigo Olha esse vídeo agora não dá agora não dá mas olha aqui mano não dá para tomar você olhar para o celular dentro do carro eu tenho você de vômito não sabe não nossa mãe tá escuro Acende essa luz do teto Velho Meu deus parece o luto de hospital fica duas vezes me dá dor de cabeça eu passo mal Nossa me dá enxaqueca velho tô passando mal tô com muita fome não fala comigo não vou comer aqui mano tô passando mal desculpa aí tô passando mal eu vou dormir muito pouco hoje velho Nossa amigo vai deitar Mano eu tô passando mal porque eu não dormi mas eu não consigo dormir porque eu tô passando mal velho ah vai se ferrar moleque;TEA;https://www.instagram.com/reel/C3iRGLTsAG0/?igsh=dzIyOTl3czFta2lh;Experiência pessoal
39;as órteses do meu irmão autista chegaram quem não me acompanha Pedro precisa usar hortas e por que ele anda Sempre na ponta dos pés e por causa disso ele corre o risco dos tendões encurtarem mas por sorte ele com 11 anos ainda não está custando o executados então ainda reversível as hortas e chegaram Já até os dias então já deu tempo dele se adaptar um pouco mas hoje é especial ele tava muito bem para gravar adaptação tem que ser feita gradualmente ou seja ele não pode do nada começar a usar hortas e 24 horas por dia então ele caminha com a órtese algumas vezes por dia e dorme com a órtese também algumas vezes aí ele já tava usando a órtese como vocês podem ver e dá para ver que ele ainda não pegou o jeito porque ele tá passadas bem larga mas por enquanto ele tá encarando isso bem melhor do que a gente pensava que ele fosse encantaria mulher que coisa linda aí ele vai andando assim no início parecendo a boneca de lata da Xuxa Esse é o processo para que ele finalmente pare de andar na ponta dos pés para que não corra o risco de encurtar os tendões aqui e depois de todo esse esforço ele foi tomar um cafezinho mas como vocês estão vendo aí ele toma um golinho e depois vai encher de água e ele só faz isso para ter o prazer de jogar o café fora depois Esse foi o vídeo eu espero que tenham gostado beijinho tchau tchau;TEA;https://www.instagram.com/reel/C3VvTTfr4jQ/?igsh=NGtwajd2M3hpanAy;Experiência pessoal 
40;mulaka das filhas se for prestando aqui sim vou dormir luz cria o canal desenho piscina visitar a minha amiga os meninos passaram ai eu só ouvir as vídeo;TEA;https://www.instagram.com/reel/C3m591Ruk56/?igsh=MXRyZjgzZXFhNnZ6cA==;Excluído (espanhol)
41;a minha mãe então foi ele porque salsicha primeiro celular estarei feliz por favor;TEA;https://www.instagram.com/reel/C5pvCL5uNs9/?igsh=MTUwMmxvajB5MXRzZw==;Excluído (espanhol)
42;você me chamou de quê agora não eu deixei brincando sim mas o que foi que você me chamou e você acha mainha velha eu não sou bem novinha é eu sou novinha ou sou velho novinha mas novinha quem é quem tem bem pouquinho anos quantos anos mamãe tem não sei não sabe Augusto você sabe 70 e 76 anos é 76 aí você já acha que é velhinha né É Meu filho quer dizer eu não gosto de dizer que eu sou velha porque velha uma coisa velha é que não presta mais e mamãe você acha que a mamãe ainda presta para alguma coisa Presta Para quê Para Tudo Para Tudo Pois é então eu não sou velho eu sou e e idosa muito bem mamãe aí idosa;TEA;https://www.instagram.com/reel/C6zpS5cxlZ8/?igsh=YTYyNmV3NHAxdHFn;Experiência pessoal 
43;escuridão é essa gente tô aqui mas como você consegue ver alguma coisa amiga no hospital;TEA;https://www.instagram.com/reel/C6ChVKZOZQt/?igsh=MTF0ODExdjVnNHExNw==;Enganoso 
44;eu quero trocar de nome tá bom posso escolher segredo não enquanto eu pego não Alexandre Godofredo vai fala aí tá eu acho que você é muito bonito André eu quero trocar de nome por favor porque eu não gosto do meu nome é muito ruim ficar tocar deixa deixa eu falar com a mamãe não não falei não eu perguntei a ela primeiro né mãe eu posso trocar de nome no cartório Não não quero mudar não não Ah então tá então não fala mais disso eu;TEA;https://www.instagram.com/reel/C3uontPO6Nq/?igsh=OGszc2IycmpsbzAy;Experiência pessoal
45;Sônia thank you for playing cards gordas times Roman sometimes everything is known for What Journey Tá pequeno fazendo garrafa;TEA;https://www.instagram.com/reel/C5aw3I6rwp9/?igsh=N2dpZjl5NWt5bm13;Experiência pessoal
46;mais um dia sendo cuidadora do meu filho autista na escola e hoje não queria nem papo com estudar e tava ali na sua estereotipia mais comum que ia girar objetos quando vem pra escola atrás ela com ele tudo ele dá um jeito de girar dentro dela Olha só agora girando caderno também na hora da atividade não quer nem papo de pegar no lápis e não presta nada atenção e devido ele gostar de coisas que giram olha só que a professora dele deu para ele essa letra A que dá de gerar ele gostou muito já quero fazer os restantes das letras em casa agora ele levou a letra A para girar na vasilha preferida dele é uma forma que ajuda na alfabetização porque ele tá focado e com o interesse então é uma boa ideia de atividade adaptada para autista que tem a estereotipia de girar Agora ele foi girar a vasilha lá na mesa do amiguinho dele eu levo a vasilha porque é um objeto de apego dele e é uma forma dele se regular e ficar mais tempo na sala de aula agora foi lá na mesa da professora e pegou esse negócio e já tá gerando também fico feliz que agora tá conseguindo ficar na escola eu tô sendo cuidadora dele porque a cuidadora está doente não quero que saia da rotina mas um dia vencido graças a Deus;TEA;https://www.instagram.com/reel/C6e_rKYg-E3/?igsh=MWtzOHJlNGxkNGI4OA==;Experiência pessoal
47;notei o autismo na minha filha bem cedo quando ela já tinha completado oito meses já tinha quase 100% de certeza só ainda não tinha um laudo as pessoas diziam que era bobagem da minha cabeça mas mãe sempre sabe eu anotava que ela era diferente que ela tinha um jeitinho diferente das outras crianças da mesma idade que ela ela tinha movimentos ritualísticos mesmo sendo bebezinha e ser ocupados digamos assim tinha fixação extrema por algumas coisas como por exemplo a cor azul tudo que fosse Azul ela ficava por horas parada olhando para aquele objeto não gostava de pessoas nem mesmo da própria família em si quando chegava na nossa casa eu notava que a voz das pessoas incomodava e muito ela ela chorava muito Um dia teve um aniversário na nossa casa e ela chorou desde o momento que os convidados chegaram até o outro dia ela entrou em uma crise muito forte foi a primeira crise que ali esteve enfim ela teve o diagnóstico precoce;TEA;https://www.instagram.com/reel/C6Em6lbxuj7/?igsh=Z2U1cnhjM2ppZjly;Experiência pessoal
48;Conde identidade tem alguma coisa com d de dado começa com d de dado é aqui que que é isso aqui não bota aí ABCD já são né com f g tem o que que é isso de quê fofoca também;TEA;https://www.instagram.com/reel/C552rP_rGjl/?igsh=aTkwbWw0MTloZ3Q3;Experiência pessoal
49;escuridão é essa gente tô aqui mas como você consegue ver alguma coisa amiga no hospital;TEA;https://www.instagram.com/reel/C6ChVKZOZQt/?igsh=MTF0ODExdjVnNHExNw==;vídeo repetido com o 43.
50;especial ele adora essa palavra é como se atrás da palavra especial se esconder de algum monstro desconhecido pois ele afirma que não é um monstro também não é desconhecido isso faz sentido todo então se eu sou especial você por exemplo é o quê Normal normal Vocês neurotípicos acreditam que normalidade é uma qualidade que deve ser alcançada e eu vou te apresentar como esta é a minha professora de canto Leonor Denise olha como ele é normal que loucura é a mulher mais normal que eu já vi na vida não sou assim tão elogioso não é então a pergunta que nós fazemos a vocês neurotípicos é a seguinte para que gastar tempo esforço dinheiro tentando colocar todas as mentes em uma única lata como se fossem filé de sardinha arrumados lado a lado se a grande beleza da Aventura humana é a singularidade da mente;TEA;https://www.instagram.com/reel/C5RdoLdSXJp/?igsh=MWZocDdhMzBqODg3dA==;Útil
51;o André ia casar eu tinha angustiada eu falei como é que vai ser o futuro do Ricardo aí Nós nos reunimos eu meus filhos fora o Ricardo e o André falou para mim mamãe você não se preocupe eu já falei para minha mulher que vou ficar com o Ricardo Mas nem todo mundo tem o André tem uma Clarice minha nora nem todo mundo também Exatamente isso foi uma grata surpresa uma graça que legal você já prepara ele não sabe o tanto que é uma coisa filho que vem logo cada um vai pegar vai pegar a mala e ajudar eu tenho certeza que Bruno e Rafa vão ajudar o André porque assim o André vai ter que viajar um dia é claro outra coisa também quer ver eu falo para ele não sai do quarto sem trocar roupa porque você tem sobrinhos menina e você vai morar na casa do teu irmão que tem filha mulher;TEA;https://www.instagram.com/reel/C5pK_JWMplD/?igsh=MTRvaWR1ZjE0djVhMQ==;Experiência pessoal 
52;esse homem foi a primeira pessoa no mundo a ser diagnosticada com autismo Você tá no curiosidade Donald triplex nasceu em 1933 nos Estados Unidos desde a infância seus comportamentos fugiam do padrão de uma criança da mesma idade ele não correspondia aos sorrisos da mãe e não reagia a voz dela e não se interessava socialmente com outras crianças aos Três Anos de idade foi internado pela primeira vez em 1938 se consultou com o Léo Kane que diagnosticou 11 crianças com autismo infantil sendo dono de um caso número 1 antes disso e até depois sem o diagnóstico autistas eram isolados da sociedade alguns esterilizados afastados da família e considerados uma ameaça à sociedade muitos passaram a vida sem entender porque agiam ou reagiram de determinada forma teorias infundadas como a do próprio Kenner Que diagnosticou Donald criavam barreiras e preconceitos contra quem só buscava se entender a primeira luz surge quando o psiquiatra austríaco escreveu um artigo sobre o transtorno por infelicidade foi escrito em alemão durante a Segunda Guerra e por isso só foi reconhecido 40 anos depois atualmente um a cada 160 crianças do mundo estão no espectro mas será diagnosticado não é como ter um destino traçado Donald faleceu em 2023 com 89 anos ele aprendeu a viver com sua condição e superou as limitações abriu é um mês da conscientização do autismo envie esse vídeo para conscientizar alguém e comente um emoji;TEA;https://www.instagram.com/reel/C5qLy9ZLjb9/?igsh=bmh3bGJ5YjM4NzJ1;Útil
53;para quem acha que ele só fala inglês nos vídeos do WhatsApp não entendi foi nada é o quê Você pode falar em português tá bom então então eu não entendi nada tá bom pode continuar o que você tá fazendo Tchau ok Google;TEA;https://www.instagram.com/reel/C6WrGZUL95f/?igsh=MTB4czkzZTd2eGVhZg==;Experiência pessoal
54;amigo vamos sair Bora onde é que você quer ir você não sabe mas tem que ser amigo você está bem rápido demais estou passando mal cara cara amigo Olha esse vídeo agora não dá agora não dá mas olha aqui mano não dá para tomar você olhar para o celular dentro do carro eu tenho você de vômito não sabe não nossa mãe tá escuro Acende essa luz do teto Velho Meu deus parece o luto de hospital fica duas vezes me dá dor de cabeça eu passo mal Nossa me dá enxaqueca velho tô passando mal tô com muita fome não fala comigo não vou comer aqui mano tô passando mal desculpa aí tô passando mal eu vou dormir muito pouco hoje velho Nossa amigo vai deitar Mano eu tô passando mal porque eu não dormi mas eu não consigo dormir porque eu tô passando mal velho ah vai se ferrar moleque;TEA;https://www.instagram.com/reel/C3iRGLTsAG0/?igsh=dzIyOTl3czFta2lh;Enganoso
55;você acha que é fácil assim rapaz quem você pensa que é;TEA;https://www.instagram.com/reel/C4bhvgqJHet/?igsh=MThpZWVoYngzOHJzbg==;Enganoso
56;o Ricardo que tá super estourado nas redes sociais O Ricardo é encantador ele era um grau 3 dentro do espectro sim o Ricardo Teve teve ele saiu da escola ele tirou ela tirou porque ele não conseguia assistir à aula ela alfabetizou em casa contratou para alfabetizar em casa ele ele é nadador do Flamengo ela fez uma coisa que eu acho que cara ninguém faria eu não sei que que mistura foi aquela e a Dalva tem TDH agora você Imaginava mas deu certo Deu certo e assim é uma família muito querida e o irmão um dos já foi feito Tipo assim Quem vai ficar responsável pelo Ricardo a questão de não ter filhos tudo foi feito pensando nele então já tem um irmão que vai assumir que já deixou claro ele mora comigo né Aí a mulher desse irmão também tudo muito é a coisa mais bonitinha e eu entrevistei a Dalva e ela falou assim e agora eu ensinei de lavar roupa na máquina de lavar e aí por quê Porque quando eu não estiver mais aqui ele vai para casa do irmão ele tem que dar o mínimo no trabalho ele fica Venha ver se eles estão fazendo certo ele tem que estar preparado pra vida;TEA;https://www.instagram.com/reel/C5lzmnGxFQw/?igsh=MTBpZmo2a2c0NTl3MA==;Útil
57;Giovana você pretende ter filhos e quantos filhos eu não sei não é geralmente desde que eu descobri onde vem os bebês aí eu acho melhor ter uma Mas você lembra que você falava que queria ter quatro que era inseminação social são boba mãe então não tem mais graças a Deus porque eu lembro que eu falei assim é você quer ter quatro filhos mas quem vai cuidar e você você mãe graças a Deus você tá pensando então;TEA;https://www.instagram.com/reel/C5lDz6DrwxD/?igsh=bmpwNXdlbWR4OW5i;Experiência pessoal
58;notei o autismo na minha filha bem cedo quando ela já tinha completado oito meses eu já tinha quase 100% de certeza só ainda não tinha um laudo as pessoas diziam que era bobagem da minha cabeça mas mãe sempre sabe eu não tava que ela era diferente que ela tinha um jeitinho diferente das outras crianças da mesma idade que ela ela tinha movimentos ritualísticos mesmo sendo bebezinha e ser ocupados digamos assim tinha fixação extrema por algumas coisas como por exemplo a cor azul tudo que fosse Azul ela ficava por horas parada olhando para aquele objeto não gostava de pessoas nem mesmo da própria família em si quando chegava na nossa casa eu anotava que a voz das pessoas incomodava e muito ela ela chorava muito Um dia teve um aniversário na nossa casa e ela chorou desde o momento que os convidados chegaram até o outro dia ela entrou em uma crise muito forte foi a primeira crise que ali teve enfim ela teve o diagnóstico precoce;TEA;https://www.instagram.com/reel/C6E3CsHKsK1/?igsh=MXdxdWMzZzd4OG5hdA==;Experiência pessoal 
59;Me desculpe mas eu lembro que há 7 anos vocês não queriam que eu fizesse parte disso Sheldon você ainda não pode estar com raiva por favor eu tenho rancores da época do jardim de infância um dia eu vou me encontrar com a Elaine diário adulta e começo seus lápis favoritos enquanto ela assiste;TEA;https://www.instagram.com/reel/C58yTzPLnXj/?igsh=MXB5NXB5NXNhbW1sbA==;Enganoso
60;gostaria que o autismo tivesse uma explicação simples mas é melhor que eu posso dar é que ele não é uma doença ele é um transtorno Ou seja faz parte daquele indivíduo é quem ele é composto por uma base genética e que sofrem influência do meio então é um transtorno genético que gera inabilidades Essas inabilidades são principalmente sociais comunicativas e comportamentais fazendo com que essa criança brinque menos que ela fale menos que ela tenha comportamentos inadequados e associado a essas inabilidades nós temos uma série de comorbidades importantes como alteração de sono alteração motora alteração sensorial transtornos gastrointestinais entre tantos e tantos outros sintomas bom isso é o autismo;TEA;https://www.instagram.com/reel/C3PMgrfMyiG/?igsh=MW91cTc5NTI3YXNucQ==;Útil
61;você sabia que nós autistas reservamos nossas emoções mais fortes para liberar quando a pessoa de segurança está por perto isso acontece porque é com essa pessoa que nos sentimos mais seguros para sermos nós mesmos nos sentimos confortáveis o suficiente para liberar todas as emoções que permaneceram guardadas durante a ausência dessa pessoa sabemos que somos amados e apreciados por isso podemos nos expressar mesmo que de forma um pouco mais agressiva sabe quando o seu sapato está machucando e você quer ir para casa o mais rápido possível para finalmente tirá-los Então nesse caso a casa do autista é essa pessoa de segurança Este é o lugar onde podemos desabafar e muitas das vezes explodir sem medo de retaliações e não há nada de errado nisso por outro lado isso aponta que esse vínculo é forte e que o autista confia nessa pessoa na maioria dos casos é a mãe que desempenha esse papel dando aos outros a impressão de que o filho não a respeito ou que ela não soube do calor quando na verdade ela é a pessoa que o artista mais ama e quer ter por perto;TEA;https://www.instagram.com/reel/C56LP-4LCJJ/?igsh=ZmM2cGZ2YXdyMHN0;Experiência pessoal 
62;notei o autismo na minha filha bem cedo quando ela já tinha completado oito meses eu já tinha quase 100% de certeza só ainda não tinha um laudo as pessoas diziam que era bobagem da minha cabeça mas mãe sempre sabe eu anotava que ela era diferente que ela tinha um jeitinho diferente das outras crianças da mesma idade que ela ela tinha movimentos ritualísticos mesmo sendo bebezinha estereotipados digamos assim tinha fixação extrema por algumas coisas como por exemplo a cor azul tudo que fosse Azul ela ficava por horas parada olhando para aquele objeto não gostava de pessoas nem mesmo da própria família em si quando chegava na nossa casa eu anotava que a voz das pessoas incomodava e muito ela ela chorava muito Um dia teve um aniversário na nossa casa e ela chorou desde o momento que os convidados chegaram até o outro dia ela entrou em uma crise muito forte foi a primeira crise que ali teve enfim ela teve o diagnóstico precoce;TEA;https://www.instagram.com/reel/C6CssuSNUIG/?igsh=Z2NkejE5anJkejdi;Experiência pessoal (mesmo video do 47 e 58)
63;Não tenha medo pare de chorar;TEA;https://www.instagram.com/reel/C4nYhK2OqMv/?igsh=MXY1ZjRjZ2cxaDJjdg==;Experiência pessoal 
64;Calma meu amor Calma filho calma calma Já fechei tudo filho;TEA;https://www.instagram.com/reel/C4oQGXyvMu1/?igsh=c3NhY2E4Zm5ibjdq;Experiência pessoal 
65;agora deu o carai mesmo viu deu a porra fodeu foi tudo;TEA;https://www.instagram.com/reel/C4gsWevJF8A/?igsh=ODUwaXpkMnlveHl0;Indisponível 
66;não posso errar não posso errar você pode errar Ai que droga eu destruir tudo você não precisa ser tão dura com você mesmo É você tem razão eu sou muito burra mesmo não é porque você tentou uma vez e não conseguiu o que precisa desistir você não entende eu não posso falhar tem que ser exatamente como eu imaginei as regras que eu criei na minha cabeça ah sim aquelas que você dá super importância mas com o resto do mundo tá cagando tudo bem Talvez eu devesse tentar de novo mas quem sabe daqui é um dia ou um mês ou quem sabe daqui a um ano adiar as coisas é só uma forma de se sabotar e o que você quer que eu faça Repete comigo se não está perfeito se não está perfeito na primeira tentativa na primeira tentativa é uma oportunidade de tentar de novo é uma merda eu sou uma merda e nunca mais vou tentar de novo;TEA;https://www.instagram.com/reel/C6s8VIiuQTf/?igsh=M3g1b2JrajJqY3Nl;útil 
67;INSS lexa conte marrom Coutinho Agora você tem;TEA;https://www.instagram.com/reel/C6ojvTFxCLE/?igsh=aXJ4dXVtMDRpcGJz;excluído - vídeo em inglês 
68;eu tô ouvindo deixa eu ver depois chegou viu como o Ângela é bonzinho e para que você deu você não tava lá você já estava lá já você já estava no computador né meu fogo nunca se apaga tão fácil porque eu decido o que eu quero venha cá senta aí você não decide o que quer porque Augusto chegou e tirou você do computador você entregou aí agora achar que é o tal que tal eu não sou debaixo de ficar encarregar sendo transportada em avião meu Deus o que tem a ver isso com quem que tá acontecendo aí você não deu o computador chegou ele pediu e você leu aí depois vem se zangar se é bonzinho eu não sou cego você não é sério não tem nada a ver o que eu quero dizer é que você é bonzinho quando Augusto pega você pega o computador né;TEA;https://www.instagram.com/reel/C5MbkMLxLhy/?igsh=aHl4ODhhYWNkenkw;experiência pessoal 
69;Oh mãe estou indo ao dentista quando vejo Alexandre outra vez fiquei até 10 horas esperando para ver se ele ajeita os meus dentes por quanto eu chegar o mãe querida eu vou fazer minha restauração para quando eu terminar logo logo e depois não vá dizer que eu lhe esperei pega a viola tá sanfona que eu tocava o seu filho vai voltar para casa né com os vizinhos;TEA;https://www.instagram.com/reel/C5tuGbgxFZq/?igsh=MWNvYzV0eGQzYWtsZg==;experiência pessoal 
70;para uma pomada para passar nessa perna o que é que tem sua perna tá inchada tá não isso é porque você disse que bateu na cama eu não já lhe dei um comprimido já se tem que ter paciência não passa de vez não viu é porque fica doendo você tem que ficar deitado Viu como é que eu vou me deitar agora como foi que você bateu na cama do quarto de hóspede eu tava me levantando como é que você se levantando bate com a perna desse jeito Conta essa história direito não vem aqui vem aqui vem aqui eu tava aqui nessa cama e você deixou toda bagunçada aí quando eu for me leva para pai bater não sei aonde como é que pode a pessoa se levantar de uma cama e bate desse jeito Conta essa história direito foi a pancada que eu levei agora vai dormir né eu já lhe dei um remédio para dormir agora;TEA;https://www.instagram.com/reel/C6kCur-R-dI/?igsh=NWI3cW1mOTNuNXFt;experiência pessoal 
71;meu irmão autista foi ao dentista e vem ver como ele reagiu ao tratamento ele teve um ataque de pânico no elevador quando a gente foi para o consultório porque ele morre de medo de altura então ele ficou tremendo com a boca Branca enfim foi foi bem bem caótico mas enquanto Manu tava se consultando ele ficou super tranquilo aí sentada às vezes saía andava e o ambiente era muito agradável Então até eu não fiquei nem um pouco sobrecarregada é super raro eu saí e não ficar sobrecarregada então acho que tudo contribuiu assim felicidade bateu na porta de Pedro quando Pedro achou essa boca quem não sabe Pedro tem performance como o Pedro não queria ir de forma alguma Mamãe teve que levar ele assim forçado infelizmente chegando lá ele até sentou na máquina mas ele ficou assim super agitado mamãe sentou ali com ele para dar um apoio moral e depois a mamãe teve que segurar ele assim para que a doutora pudesse ver né os dentinhos dele porque ele não tava querendo deixar E aí com toda paciência do mundo ela foi olhando aos pouquinhos para que ele não ficasse tão agitado e para quem não sabe Pedro precisava né e é o dentista inicialmente porque ele quebrou os dois dentinhos da frente porque ele fica batendo nas coisas e ele acabou quebrando e ele fica mordendo as coisas com força mesmo quando ele tá agitado mas a doutora avaliou e disse que a parte quebrada era supérflua ou seja Era por isso que ele não sentia dor não sentia assim os dentes estão sensíveis Então se fosse para colocar uma resina ali seria por estética Mas é claro que nessa circunstâncias a gente não prioriza a estética porque isso incomodaria muito ele o procedimento no caso Então pode até ser o último vídeo eu tive que ajudar a imobilizar Pedro porque ele não tava deixando que a moça terminasse o procedimento aí mano já ficou nervosa né já saiu da sala porque mano odeia quando a gente mobiliza a pedra Porque ela acha que a gente tá machucando o Pedro quando na verdade a gente só tá evitando que ele se machucou mas no final assim como mano o Pedro estava com os dentinhos limpinhos desprovidas de cara e tal e esse foi o vídeo Espero que tenham gostado beijinho tchau tchau;TEA;https://www.instagram.com/reel/C6jVCL6L2lo/?igsh=b25yZ2Yxc24weTc3;experiência pessoal 
72;olha Cadê você Onde eu sinto bote aqui meu filho bota aí anjo a gente sente dele não tá tá sim isso muito belo joia ajuda Ângelo ajuda botar o cinto ajuda aí Ângela puxa puxa bem Bora confortável confortável confortável;TEA;https://www.instagram.com/reel/C4wEfBtxYGv/?igsh=MTNxN2J3bTZzbnlsNA==;experiência pessoal 
73;escapou de um amigo meu com uma criança autista cara ela feliz por tá ele contou uma história para ela criou uma história para ela e ela feliz por andar de tá andando de Jet Ski e a mãe chorando Bianca foi demais aquela cena Mas é isso;TEA;https://www.instagram.com/reel/C6uivqZrob8/?igsh=MWJhcGFiZ2pyOXF1Yw==;experiência pessoal 
74;você vai conhecer agora um adolescente muito especial o Victor de 15 anos que tem o transtorno do espectro autista ele conquistou muita gente com os desenhos que faz super coloridos com giz de cera e olha não é para menos são verdadeiras obras de arte apenas uma letra diferente na palavra autista define Victor o u é trocado pelo r e transforma a vida deste menino de 15 anos Victor é um artista nascido na Sérvia ele foi diagnosticado com autismo Severo mas desde bem pequeno os pais perceberam a facilidade dele para desenhar André a mãe dele diz que tudo começou com três anos assim que ele conseguiu segurar uma caneta e quando ele tinha 5 6 anos na escola eles perceberam que ele estava melhorando cada vez mais há seis anos nos Estados Unidos o talento do Victor cresce a cada nova obra ele é sucesso absoluto nas redes sociais Andreia fala que o sucesso Foi espontâneo ela disse que só queria compartilhar com o mundo que queria espalhar conhecimento sobre o autismo e mostrar o que pessoas como Victor são capazes de fazer Mas de repente começou a crescer e agora tem mais de 1 milhão e meio de seguidores nas;TEA;https://www.instagram.com/reel/C5F7fSGumRW/?igsh=cnM3d2t6MWt1MjFu;experiência pessoal
75;Oi gente sou o Lucas Soares hoje é o dia do autismo olha só os autistas eles tem uma dificuldades né se tá se tá tendo encontrado com barulho ou agitação ou ou descontrolado pelo barulho olha só o que eu vim passar nesse vídeo é para você não descobrir o artista deixe fazer o que quiser ele deve sentir quer ser quando crescer faça uma amizade faça muitas amizades tem um bons amigos brinque sempre juntos e e tem a bondade com os outros só uns autistas somos todos autistas eu sei que isso não precisa preconceito Espero que você tenha gostado deixa Muitos beijos ah e as mamães artistas também sempre ajuda as mamães não fazer coisa errada inclusive todos os dias não só hoje faço bondade com todos todos;TEA;https://www.instagram.com/reel/C5Q1JGnuhez/?igsh=c2Nuc251OGY1MHFp;experiência pessoal 
76;eu sou autista e eu sou Clara Carla eu sou autista e sim eu coloquei meu nome Clara carro por causa do carro Renault Sandero eu sou autista e eu tenho para falar com pelo local remoção dele e eu gosto de ser chamada de Clara Carla eu sou autista e meu nome autístico é claro é carro é meu maior hiperfoco é o carro Renault Sandero daí eu coloquei meu nome que eu era carro eu sou autista e sim eu sou a Clara eu sou autista e eu sou Claro é carro e sim as notícias em 99% é do tempo que eu estiver conversando com você eu vou falar sobre minha pessoa você querendo ou não basicamente eu não vou estar nem aí se você tiver achando isso é um pouco irritante e é isso beijos;TEA;https://www.instagram.com/reel/C5EhVwpvR-S/?igsh=MXR0YmF6bXkwdmxmNA==;experiência pessoal 
